Date,Withdrawal_Amount
01-01-2022,1687.86
01-01-2022,1990.14
01-01-2022,2591.79
01-01-2022,1894.2
01-01-2022,4447.89
02-01-2022,2076.61
02-01-2022,4910.28
02-01-2022,4770
02-01-2022,1880.21
02-01-2022,1520.64
03-01-2022,3136.61
03-01-2022,2073.27
03-01-2022,3168.79
03-01-2022,4888.75
03-01-2022,2476.19
04-01-2022,1065.64
04-01-2022,3660.24
04-01-2022,3013.17
04-01-2022,2530.36
04-01-2022,4216.13
05-01-2022,1266.19
05-01-2022,4922.33
05-01-2022,2088.88
05-01-2022,3887.67
05-01-2022,3094.18
06-01-2022,2875.13
06-01-2022,2494.2
06-01-2022,2497.41
06-01-2022,2209.74
06-01-2022,2469.24
07-01-2022,2018.49
07-01-2022,1800.73
07-01-2022,2200.71
07-01-2022,2833.87
07-01-2022,2171.52
08-01-2022,2627.25
08-01-2022,1103.78
08-01-2022,4223.7
08-01-2022,2676.26
08-01-2022,1710.03
09-01-2022,2063.91
09-01-2022,3995.39
09-01-2022,4799.48
09-01-2022,4652.17
09-01-2022,3534.07
10-01-2022,769.93
10-01-2022,1876.31
10-01-2022,744.53
10-01-2022,2236.17
10-01-2022,1821.06
11-01-2022,1606.03
11-01-2022,513.57
11-01-2022,1078.79
11-01-2022,2083.5
11-01-2022,2355.54
12-01-2022,1849.7
12-01-2022,2056.82
12-01-2022,1889.99
12-01-2022,2079.31
12-01-2022,2853.64
13-01-2022,1557.75
13-01-2022,520.07
13-01-2022,1207.82
13-01-2022,940.39
13-01-2022,1255.61
14-01-2022,2903.05
14-01-2022,1721.02
14-01-2022,615.83
14-01-2022,833.4
14-01-2022,1275.28
15-01-2022,2921.65
15-01-2022,2068.74
15-01-2022,4962.56
15-01-2022,2065.71
15-01-2022,1308.49
16-01-2022,2112.87
16-01-2022,3430.03
16-01-2022,1023.02
16-01-2022,3261.58
16-01-2022,2374.81
17-01-2022,886.3
17-01-2022,1452.59
17-01-2022,1182.82
17-01-2022,995.41
17-01-2022,740.66
18-01-2022,1601.37
18-01-2022,1558.44
18-01-2022,2375.16
18-01-2022,610.51
18-01-2022,1500.09
19-01-2022,1569.74
19-01-2022,1599.99
19-01-2022,1701.08
19-01-2022,985.77
19-01-2022,1180.62
20-01-2022,1902.7
20-01-2022,2779.42
20-01-2022,1586.32
20-01-2022,2551.08
20-01-2022,2381.36
21-01-2022,638.48
21-01-2022,1431.23
21-01-2022,1314.45
21-01-2022,2362.27
21-01-2022,1242.25
22-01-2022,2364.01
22-01-2022,4694.11
22-01-2022,3523.1
22-01-2022,3892.45
22-01-2022,3587.58
23-01-2022,1845.41
23-01-2022,1474.88
23-01-2022,2432.56
23-01-2022,1843.68
23-01-2022,1115.86
24-01-2022,2424.23
24-01-2022,719.21
24-01-2022,909.48
24-01-2022,2562.14
24-01-2022,2910.88
25-01-2022,585.72
25-01-2022,621.79
25-01-2022,574.62
25-01-2022,2877.62
25-01-2022,2349.66
26-01-2022,1635.22
26-01-2022,1653.2
26-01-2022,2507.27
26-01-2022,1234.55
26-01-2022,1410.03
27-01-2022,786.85
27-01-2022,678.1
27-01-2022,1448.96
27-01-2022,874.67
27-01-2022,2899.45
28-01-2022,1894.33
28-01-2022,1900.59
28-01-2022,1325.31
28-01-2022,2295.79
28-01-2022,1279.53
29-01-2022,4154.4
29-01-2022,1690.9
29-01-2022,2221.57
29-01-2022,3673.22
29-01-2022,3737.86
30-01-2022,4713.58
30-01-2022,1924.36
30-01-2022,3261.56
30-01-2022,4089.53
30-01-2022,3463.14
31-01-2022,762.66
31-01-2022,2823.39
31-01-2022,2681.05
31-01-2022,1706.54
31-01-2022,1442.02
01-02-2022,2067.45
01-02-2022,2280.33
01-02-2022,4024.53
01-02-2022,3751.8
01-02-2022,2832.77
02-02-2022,4647.35
02-02-2022,4262.57
02-02-2022,3237.65
02-02-2022,2920.47
02-02-2022,3635.67
03-02-2022,4105.06
03-02-2022,2736.74
03-02-2022,3774.23
03-02-2022,3271.57
03-02-2022,4009.58
04-02-2022,1429.24
04-02-2022,3759.2
04-02-2022,1580.59
04-02-2022,1518.8
04-02-2022,2148.66
05-02-2022,4992.68
05-02-2022,2322.83
05-02-2022,3956.09
05-02-2022,2370.75
05-02-2022,3614.77
06-02-2022,3051.16
06-02-2022,3066.42
06-02-2022,1153.55
06-02-2022,4284.45
06-02-2022,3898.66
07-02-2022,1701.25
07-02-2022,695.15
07-02-2022,535.17
07-02-2022,2337.87
07-02-2022,1740.06
08-02-2022,1680.71
08-02-2022,815.71
08-02-2022,1690.34
08-02-2022,2195.61
08-02-2022,2344.74
09-02-2022,973.85
09-02-2022,2267.94
09-02-2022,2334.61
09-02-2022,668.94
09-02-2022,1936.75
10-02-2022,2089.14
10-02-2022,898.87
10-02-2022,2827.59
10-02-2022,2017.49
10-02-2022,2177.84
11-02-2022,1657.9
11-02-2022,563
11-02-2022,1439.64
11-02-2022,2377.19
11-02-2022,2398.23
12-02-2022,4885.79
12-02-2022,4040.86
12-02-2022,2897.78
12-02-2022,3688.42
12-02-2022,3080.61
13-02-2022,4106.93
13-02-2022,3907.33
13-02-2022,3053.24
13-02-2022,4380.51
13-02-2022,3166.92
14-02-2022,1081.31
14-02-2022,763.91
14-02-2022,1385.58
14-02-2022,1023.92
14-02-2022,1905.65
15-02-2022,1319.59
15-02-2022,1322.9
15-02-2022,2544.36
15-02-2022,2976.98
15-02-2022,2232.49
16-02-2022,2961.33
16-02-2022,2719.98
16-02-2022,1860.26
16-02-2022,888.71
16-02-2022,1481.5
17-02-2022,2314.57
17-02-2022,2768.18
17-02-2022,541.01
17-02-2022,1569.15
17-02-2022,1906.04
18-02-2022,2828.58
18-02-2022,1250.42
18-02-2022,2630.45
18-02-2022,1289.81
18-02-2022,1540.1
19-02-2022,2956.93
19-02-2022,1404.46
19-02-2022,1477.14
19-02-2022,2562.55
19-02-2022,2015.67
20-02-2022,3560.64
20-02-2022,4663.84
20-02-2022,4498.52
20-02-2022,2966.28
20-02-2022,2209.86
21-02-2022,578.38
21-02-2022,600.07
21-02-2022,1763.88
21-02-2022,2092.52
21-02-2022,2994.61
22-02-2022,2443.43
22-02-2022,1332.8
22-02-2022,2445.97
22-02-2022,2034.15
22-02-2022,556.36
23-02-2022,2651.04
23-02-2022,2478.13
23-02-2022,763.85
23-02-2022,975.4
23-02-2022,2724.98
24-02-2022,1871.13
24-02-2022,2482.02
24-02-2022,2320.96
24-02-2022,2635.77
24-02-2022,2581.98
25-02-2022,2690.49
25-02-2022,2411.67
25-02-2022,787.5
25-02-2022,1850.85
25-02-2022,2454.62
26-02-2022,1327.75
26-02-2022,1862.73
26-02-2022,3593.54
26-02-2022,3566.04
26-02-2022,3715.52
27-02-2022,2090.41
27-02-2022,3894.16
27-02-2022,1854.64
27-02-2022,2370.25
27-02-2022,3352.53
28-02-2022,835.73
28-02-2022,2458.6
28-02-2022,1621.33
28-02-2022,2099.33
28-02-2022,2511.67
01-03-2022,2459.97
01-03-2022,3861.02
01-03-2022,2609.94
01-03-2022,4779.43
01-03-2022,4990.37
02-03-2022,2311.55
02-03-2022,3470.65
02-03-2022,3826.19
02-03-2022,3162.21
02-03-2022,4526.26
03-03-2022,4212.3
03-03-2022,3999.79
03-03-2022,3765.16
03-03-2022,1650.22
03-03-2022,2593.85
04-03-2022,3899.68
04-03-2022,4495.06
04-03-2022,1760.1
04-03-2022,1664.52
04-03-2022,3197.68
05-03-2022,2910.82
05-03-2022,4242.01
05-03-2022,2578.15
05-03-2022,3833.99
05-03-2022,4980.77
06-03-2022,1288.2
06-03-2022,4397.48
06-03-2022,4732.1
06-03-2022,2302.26
06-03-2022,2853.79
07-03-2022,844.27
07-03-2022,1192.47
07-03-2022,1631.83
07-03-2022,2862.18
07-03-2022,823.74
08-03-2022,1956.18
08-03-2022,2659.14
08-03-2022,2674.01
08-03-2022,2672.65
08-03-2022,1286.65
09-03-2022,2911.74
09-03-2022,2095.31
09-03-2022,2504.34
09-03-2022,2132.79
09-03-2022,546.09
10-03-2022,1325.98
10-03-2022,1020.45
10-03-2022,1331.25
10-03-2022,660.39
10-03-2022,2929.11
11-03-2022,2253.53
11-03-2022,1684.96
11-03-2022,1555.07
11-03-2022,2087.64
11-03-2022,1646.05
12-03-2022,4606.75
12-03-2022,4932.59
12-03-2022,4961.19
12-03-2022,1718.22
12-03-2022,2160.58
13-03-2022,1663.5
13-03-2022,2188.59
13-03-2022,3964.65
13-03-2022,2322.17
13-03-2022,3994.43
14-03-2022,1658.25
14-03-2022,2990.52
14-03-2022,2054.22
14-03-2022,2564.57
14-03-2022,989.98
15-03-2022,2911.65
15-03-2022,2213.35
15-03-2022,1914.82
15-03-2022,2909.76
15-03-2022,1094.09
16-03-2022,2313.35
16-03-2022,1808.38
16-03-2022,1325.07
16-03-2022,2934.91
16-03-2022,2257.2
17-03-2022,2489.26
17-03-2022,2006.63
17-03-2022,1200.95
17-03-2022,2348.1
17-03-2022,2526.64
18-03-2022,1932.71
18-03-2022,1014.21
18-03-2022,2590.77
18-03-2022,2499.33
18-03-2022,1864.82
19-03-2022,1880.71
19-03-2022,4378.97
19-03-2022,4996.68
19-03-2022,2360.53
19-03-2022,4706.56
20-03-2022,3381.48
20-03-2022,2735.87
20-03-2022,4491.31
20-03-2022,4958.97
20-03-2022,2242.54
21-03-2022,2243.05
21-03-2022,2064.58
21-03-2022,1121.06
21-03-2022,2719.39
21-03-2022,799.55
22-03-2022,2540.66
22-03-2022,1498.14
22-03-2022,2733.61
22-03-2022,1588.31
22-03-2022,859.23
23-03-2022,922.48
23-03-2022,2014.01
23-03-2022,2746.49
23-03-2022,1992.91
23-03-2022,2667.36
24-03-2022,1507.74
24-03-2022,2522.87
24-03-2022,2993.97
24-03-2022,1794.57
24-03-2022,1485.02
25-03-2022,562.69
25-03-2022,1468.36
25-03-2022,1857.43
25-03-2022,2592.07
25-03-2022,762.86
26-03-2022,2097.76
26-03-2022,3996.49
26-03-2022,3998.76
26-03-2022,3517.91
26-03-2022,2392.93
27-03-2022,4603.92
27-03-2022,3529.38
27-03-2022,4883.93
27-03-2022,2787.02
27-03-2022,1420.91
28-03-2022,1358.56
28-03-2022,2284.09
28-03-2022,2874.98
28-03-2022,643.67
28-03-2022,2461.55
29-03-2022,2013.25
29-03-2022,1711.42
29-03-2022,1195.28
29-03-2022,1242.65
29-03-2022,1631.13
30-03-2022,1047.88
30-03-2022,1660.38
30-03-2022,2157.3
30-03-2022,2168.44
30-03-2022,2284.98
31-03-2022,1503.65
31-03-2022,2941.57
31-03-2022,2977.86
31-03-2022,1133.46
31-03-2022,1014.28
01-04-2022,4064.22
01-04-2022,1079.16
01-04-2022,4293.85
01-04-2022,1304.74
01-04-2022,2979.11
02-04-2022,1562.89
02-04-2022,3408.39
02-04-2022,4028.95
02-04-2022,3115.3
02-04-2022,2334.21
03-04-2022,4038.87
03-04-2022,1615.76
03-04-2022,1622.01
03-04-2022,4711.22
03-04-2022,2967.08
04-04-2022,3592.85
04-04-2022,3141.19
04-04-2022,4347.88
04-04-2022,2225.76
04-04-2022,1995.38
05-04-2022,4965.35
05-04-2022,3253.87
05-04-2022,3817.97
05-04-2022,4953.72
05-04-2022,2626.22
06-04-2022,2948.37
06-04-2022,2934.19
06-04-2022,1147.33
06-04-2022,2225.12
06-04-2022,2942.11
07-04-2022,857.18
07-04-2022,2040.42
07-04-2022,1200.14
07-04-2022,2466.64
07-04-2022,1278.1
08-04-2022,864.4
08-04-2022,1207.05
08-04-2022,2400.92
08-04-2022,649.25
08-04-2022,2431.89
09-04-2022,4672.71
09-04-2022,3474.09
09-04-2022,4092.08
09-04-2022,1010.75
09-04-2022,2536.01
10-04-2022,2916.36
10-04-2022,1848.66
10-04-2022,4324.22
10-04-2022,2381.83
10-04-2022,3091.12
11-04-2022,2253.77
11-04-2022,824.22
11-04-2022,870.26
11-04-2022,1137.92
11-04-2022,947.46
12-04-2022,2254.67
12-04-2022,2548.88
12-04-2022,1273.12
12-04-2022,1249.02
12-04-2022,1559.67
13-04-2022,1636.31
13-04-2022,1983.57
13-04-2022,1404.58
13-04-2022,2018.34
13-04-2022,1061.14
14-04-2022,980.55
14-04-2022,1127.66
14-04-2022,1892.88
14-04-2022,2390.37
14-04-2022,2110.89
15-04-2022,2380.51
15-04-2022,1440.95
15-04-2022,2899.44
15-04-2022,2923.4
15-04-2022,782.3
16-04-2022,1300.33
16-04-2022,4281.21
16-04-2022,4419.05
16-04-2022,1936.88
16-04-2022,1447
17-04-2022,2063.69
17-04-2022,3969.55
17-04-2022,1726.34
17-04-2022,4255.49
17-04-2022,4714.41
18-04-2022,869.55
18-04-2022,2298.23
18-04-2022,2379.57
18-04-2022,2315.09
18-04-2022,839.51
19-04-2022,880.17
19-04-2022,2140.88
19-04-2022,2274.7
19-04-2022,1573.18
19-04-2022,2086.68
20-04-2022,637
20-04-2022,634.69
20-04-2022,1874.5
20-04-2022,2795.5
20-04-2022,2045.31
21-04-2022,2037.24
21-04-2022,2596.6
21-04-2022,2759.54
21-04-2022,1895.35
21-04-2022,1627.26
22-04-2022,1506.47
22-04-2022,1407.12
22-04-2022,2212.36
22-04-2022,711.03
22-04-2022,1036.3
23-04-2022,1689.63
23-04-2022,3065.52
23-04-2022,4995.58
23-04-2022,1376.27
23-04-2022,2591.37
24-04-2022,2511.48
24-04-2022,4791.62
24-04-2022,4372.69
24-04-2022,2095.22
24-04-2022,3346.66
25-04-2022,1513.64
25-04-2022,1708.69
25-04-2022,2800.27
25-04-2022,2397.09
25-04-2022,1340.75
26-04-2022,1501.64
26-04-2022,585.63
26-04-2022,959.48
26-04-2022,1848.76
26-04-2022,552.34
27-04-2022,2534.38
27-04-2022,2261.57
27-04-2022,531.47
27-04-2022,1588.2
27-04-2022,2538.91
28-04-2022,609.8
28-04-2022,505.34
28-04-2022,2382.14
28-04-2022,1327.87
28-04-2022,1613.56
29-04-2022,528.7
29-04-2022,641.44
29-04-2022,2480.9
29-04-2022,1832.71
29-04-2022,985.77
30-04-2022,2430.13
30-04-2022,3922.16
30-04-2022,2089.04
30-04-2022,4363.53
30-04-2022,2198.73
01-05-2022,3009.62
01-05-2022,3527.38
01-05-2022,1796.55
01-05-2022,1957.27
01-05-2022,1820.22
02-05-2022,2280.35
02-05-2022,4177.19
02-05-2022,1066.8
02-05-2022,2240.19
02-05-2022,4617.32
03-05-2022,1430.13
03-05-2022,4788.55
03-05-2022,1234.07
03-05-2022,4011.35
03-05-2022,1423.98
04-05-2022,2682.57
04-05-2022,4454.42
04-05-2022,3978.05
04-05-2022,1782.21
04-05-2022,4027.06
05-05-2022,4506.24
05-05-2022,2592.23
05-05-2022,1506.32
05-05-2022,2346.41
05-05-2022,2768.61
06-05-2022,2529.08
06-05-2022,2687.25
06-05-2022,2249.2
06-05-2022,1087.62
06-05-2022,2325.95
07-05-2022,4327.36
07-05-2022,2368.35
07-05-2022,2644.17
07-05-2022,4463.28
07-05-2022,3721.79
08-05-2022,1754.21
08-05-2022,3235.68
08-05-2022,2939.87
08-05-2022,1920.23
08-05-2022,1454.13
09-05-2022,1433.19
09-05-2022,1825
09-05-2022,1080.71
09-05-2022,1390.69
09-05-2022,2332.93
10-05-2022,2444.24
10-05-2022,2255.46
10-05-2022,1340.31
10-05-2022,1514.65
10-05-2022,933.86
11-05-2022,1637.88
11-05-2022,2479.64
11-05-2022,2335.64
11-05-2022,2502.65
11-05-2022,1483.21
12-05-2022,913.4
12-05-2022,2218.03
12-05-2022,1600.75
12-05-2022,1757.45
12-05-2022,1624.18
13-05-2022,1739.81
13-05-2022,2005.27
13-05-2022,543.93
13-05-2022,1984.95
13-05-2022,1705.99
14-05-2022,4710.41
14-05-2022,2443.28
14-05-2022,4622.7
14-05-2022,2337.69
14-05-2022,2726.38
15-05-2022,2855.78
15-05-2022,2902.72
15-05-2022,3596.25
15-05-2022,4128.32
15-05-2022,2116.03
16-05-2022,2917.36
16-05-2022,689.97
16-05-2022,2198.63
16-05-2022,772.59
16-05-2022,949.93
17-05-2022,1229.97
17-05-2022,2932.84
17-05-2022,2826.92
17-05-2022,2401.13
17-05-2022,1751.21
18-05-2022,1096.67
18-05-2022,2401.8
18-05-2022,2497.31
18-05-2022,2885.23
18-05-2022,2255.06
19-05-2022,2646.39
19-05-2022,518.41
19-05-2022,1751.9
19-05-2022,1933.35
19-05-2022,2586.79
20-05-2022,1761.76
20-05-2022,2018.41
20-05-2022,2503.5
20-05-2022,2614.57
20-05-2022,2850.93
21-05-2022,4356.54
21-05-2022,2376.26
21-05-2022,3217.88
21-05-2022,3108.28
21-05-2022,4614.35
22-05-2022,2710.06
22-05-2022,3571.41
22-05-2022,1137.33
22-05-2022,4251.37
22-05-2022,1528.1
23-05-2022,1637.13
23-05-2022,1434.09
23-05-2022,2646.91
23-05-2022,2646.96
23-05-2022,2199.38
24-05-2022,951.49
24-05-2022,1423.78
24-05-2022,2343.63
24-05-2022,2109.13
24-05-2022,798.07
25-05-2022,847.14
25-05-2022,727.35
25-05-2022,1861.39
25-05-2022,761.26
25-05-2022,1487.6
26-05-2022,2961.16
26-05-2022,648.65
26-05-2022,1017.56
26-05-2022,1394.02
26-05-2022,793.49
27-05-2022,2901.62
27-05-2022,1016.06
27-05-2022,2086.58
27-05-2022,602.91
27-05-2022,2291.98
28-05-2022,3847.87
28-05-2022,1609.94
28-05-2022,2350.82
28-05-2022,3336.27
28-05-2022,2969.3
29-05-2022,2810.44
29-05-2022,1206.86
29-05-2022,4188.95
29-05-2022,3533.23
29-05-2022,4267.28
30-05-2022,2526.74
30-05-2022,2753.89
30-05-2022,1699.68
30-05-2022,2878.34
30-05-2022,2919.82
31-05-2022,2780.33
31-05-2022,1282.24
31-05-2022,1370.6
31-05-2022,1666.97
31-05-2022,597.26
01-06-2022,4346.8
01-06-2022,3818.15
01-06-2022,2858.1
01-06-2022,1557.73
01-06-2022,1464.32
02-06-2022,2455.29
02-06-2022,4110.52
02-06-2022,1515.57
02-06-2022,3324.21
02-06-2022,3227.66
03-06-2022,4095.8
03-06-2022,2485.12
03-06-2022,2595.34
03-06-2022,1556.72
03-06-2022,1954.57
04-06-2022,3071.59
04-06-2022,3944.1
04-06-2022,3048.55
04-06-2022,4951.51
04-06-2022,4629.28
05-06-2022,4622.89
05-06-2022,4042.26
05-06-2022,1506.35
05-06-2022,1270.69
05-06-2022,3876.16
06-06-2022,1466.61
06-06-2022,2831.6
06-06-2022,1934.83
06-06-2022,1326.49
06-06-2022,1178.09
07-06-2022,2514.33
07-06-2022,1356.69
07-06-2022,1034.94
07-06-2022,1404.87
07-06-2022,1167.44
08-06-2022,2287.78
08-06-2022,2666.14
08-06-2022,2008.13
08-06-2022,2806.66
08-06-2022,2442.31
09-06-2022,571.38
09-06-2022,1468.96
09-06-2022,2380.19
09-06-2022,987.16
09-06-2022,1231.7
10-06-2022,1409.6
10-06-2022,2989.14
10-06-2022,2673.59
10-06-2022,1181.11
10-06-2022,1107.07
11-06-2022,1261.85
11-06-2022,2941.7
11-06-2022,4412.09
11-06-2022,3804.64
11-06-2022,3503.55
12-06-2022,2833.08
12-06-2022,1058.28
12-06-2022,3473.44
12-06-2022,2618.82
12-06-2022,1095.71
13-06-2022,1455.52
13-06-2022,2317.71
13-06-2022,2929.12
13-06-2022,628.51
13-06-2022,2071.92
14-06-2022,1689.52
14-06-2022,1360.92
14-06-2022,1503.09
14-06-2022,2007.55
14-06-2022,1823.52
15-06-2022,802.95
15-06-2022,2387.48
15-06-2022,1085.65
15-06-2022,2007.71
15-06-2022,2327.61
16-06-2022,903.6
16-06-2022,1941.57
16-06-2022,2578.79
16-06-2022,2480.38
16-06-2022,2668.64
17-06-2022,2977.23
17-06-2022,817.02
17-06-2022,2575
17-06-2022,2539.25
17-06-2022,2058.88
18-06-2022,1309.59
18-06-2022,3381.22
18-06-2022,3930.11
18-06-2022,4606.45
18-06-2022,2735.61
19-06-2022,4376.82
19-06-2022,2929.43
19-06-2022,1543.1
19-06-2022,3787.24
19-06-2022,3048.87
20-06-2022,2236.09
20-06-2022,1150.75
20-06-2022,1554.11
20-06-2022,2764.06
20-06-2022,715.23
21-06-2022,2496.44
21-06-2022,2550.3
21-06-2022,2537.79
21-06-2022,2513.56
21-06-2022,1452
22-06-2022,1782.87
22-06-2022,832.92
22-06-2022,1292.43
22-06-2022,1006.13
22-06-2022,867.2
23-06-2022,800.51
23-06-2022,2640.88
23-06-2022,2441.31
23-06-2022,1307.78
23-06-2022,2426.62
24-06-2022,809.56
24-06-2022,1637.6
24-06-2022,860.83
24-06-2022,2780.68
24-06-2022,2949.07
25-06-2022,4843.95
25-06-2022,4308.97
25-06-2022,3495.75
25-06-2022,4401.6
25-06-2022,1092.56
26-06-2022,1892.14
26-06-2022,4742.49
26-06-2022,3700
26-06-2022,1286.43
26-06-2022,4641.25
27-06-2022,523.2
27-06-2022,1072.86
27-06-2022,1271.42
27-06-2022,1545.15
27-06-2022,1467.88
28-06-2022,2172.68
28-06-2022,2676.75
28-06-2022,1504.55
28-06-2022,1830.29
28-06-2022,2503.44
29-06-2022,1295.11
29-06-2022,776.65
29-06-2022,1047.76
29-06-2022,843.48
29-06-2022,1944.66
30-06-2022,1290.23
30-06-2022,2227.75
30-06-2022,2471.4
30-06-2022,2778.02
30-06-2022,1485.81
01-07-2022,4002.79
01-07-2022,4965.65
01-07-2022,1436.47
01-07-2022,4249.5
01-07-2022,4031.97
02-07-2022,2542.66
02-07-2022,1480.51
02-07-2022,4807.37
02-07-2022,2493.5
02-07-2022,1717.65
03-07-2022,4267.69
03-07-2022,3305.56
03-07-2022,2720.83
03-07-2022,1917.18
03-07-2022,1945.02
04-07-2022,2536.23
04-07-2022,1965.42
04-07-2022,1192.73
04-07-2022,4210.12
04-07-2022,2877.8
05-07-2022,4999.35
05-07-2022,1603.09
05-07-2022,1288.05
05-07-2022,3273.46
05-07-2022,1786.9
06-07-2022,1320.93
06-07-2022,1297.47
06-07-2022,1298.07
06-07-2022,2554.65
06-07-2022,662.26
07-07-2022,2467.27
07-07-2022,1718.59
07-07-2022,2480.37
07-07-2022,2497.72
07-07-2022,1796.74
08-07-2022,1460.38
08-07-2022,1541.02
08-07-2022,1533.31
08-07-2022,2456.79
08-07-2022,1887.22
09-07-2022,4823.35
09-07-2022,2079.47
09-07-2022,3233.26
09-07-2022,1858.96
09-07-2022,3955.15
10-07-2022,2513.9
10-07-2022,1022.47
10-07-2022,3378.62
10-07-2022,2068.41
10-07-2022,2689.49
11-07-2022,510.75
11-07-2022,2052.1
11-07-2022,631.52
11-07-2022,1231.1
11-07-2022,2522.28
12-07-2022,1011.26
12-07-2022,2345.56
12-07-2022,1839.76
12-07-2022,719.94
12-07-2022,625.57
13-07-2022,2594.8
13-07-2022,1100.75
13-07-2022,2374.93
13-07-2022,1340.66
13-07-2022,1269.62
14-07-2022,2698.45
14-07-2022,2084.89
14-07-2022,1348.62
14-07-2022,2646.21
14-07-2022,2097.41
15-07-2022,884.45
15-07-2022,1811.87
15-07-2022,1755.54
15-07-2022,2137.07
15-07-2022,2698.04
16-07-2022,2350.52
16-07-2022,1636.23
16-07-2022,4186.97
16-07-2022,3002.48
16-07-2022,3227.28
17-07-2022,1369.06
17-07-2022,3938.9
17-07-2022,1819.15
17-07-2022,4322.93
17-07-2022,1754.81
18-07-2022,877.17
18-07-2022,2489.05
18-07-2022,2709.15
18-07-2022,927.03
18-07-2022,2595.35
19-07-2022,2307.79
19-07-2022,775.08
19-07-2022,1248.08
19-07-2022,2498.61
19-07-2022,1362.22
20-07-2022,2049.36
20-07-2022,1188.57
20-07-2022,1317.44
20-07-2022,1499.53
20-07-2022,767.93
21-07-2022,1924.48
21-07-2022,1719.25
21-07-2022,2281.86
21-07-2022,2168.64
21-07-2022,689.43
22-07-2022,2501.26
22-07-2022,828.69
22-07-2022,2268.08
22-07-2022,2767.1
22-07-2022,2609.49
23-07-2022,4934.4
23-07-2022,1983.62
23-07-2022,1228.57
23-07-2022,1304.7
23-07-2022,4396.46
24-07-2022,3257.67
24-07-2022,1137.31
24-07-2022,4547.49
24-07-2022,1120.56
24-07-2022,2319.72
25-07-2022,1308.01
25-07-2022,2864.81
25-07-2022,2706.29
25-07-2022,1935.64
25-07-2022,2621.45
26-07-2022,2691.4
26-07-2022,2950.48
26-07-2022,2132.67
26-07-2022,932.92
26-07-2022,1250.52
27-07-2022,1227.36
27-07-2022,680.12
27-07-2022,1352.17
27-07-2022,1629.03
27-07-2022,1452.39
28-07-2022,1815.6
28-07-2022,1467.36
28-07-2022,1327.31
28-07-2022,2210.44
28-07-2022,905.53
29-07-2022,1950.3
29-07-2022,2486.82
29-07-2022,2133.03
29-07-2022,2521.02
29-07-2022,1912.47
30-07-2022,3030.59
30-07-2022,1869.11
30-07-2022,3336.98
30-07-2022,4482.33
30-07-2022,4969.41
31-07-2022,2958.57
31-07-2022,2814.11
31-07-2022,4686.89
31-07-2022,4320.05
31-07-2022,1582.8
01-08-2022,2536.27
01-08-2022,4599.9
01-08-2022,3690.59
01-08-2022,3397.69
01-08-2022,2136.71
02-08-2022,4109.7
02-08-2022,4502.24
02-08-2022,2913.76
02-08-2022,1297.04
02-08-2022,3728.24
03-08-2022,1114.24
03-08-2022,1653.38
03-08-2022,2996.45
03-08-2022,4621.54
03-08-2022,1287.51
04-08-2022,1267.6
04-08-2022,4413.87
04-08-2022,1527.14
04-08-2022,3815.92
04-08-2022,4988.09
05-08-2022,3146.84
05-08-2022,2650.05
05-08-2022,2516.78
05-08-2022,1687.64
05-08-2022,1219.63
06-08-2022,4032.82
06-08-2022,2986.03
06-08-2022,4202.59
06-08-2022,4421.69
06-08-2022,3566.89
07-08-2022,4020.88
07-08-2022,1368.73
07-08-2022,3123.12
07-08-2022,2405.15
07-08-2022,4448.85
08-08-2022,1212.84
08-08-2022,1574.58
08-08-2022,1296.79
08-08-2022,2024.19
08-08-2022,1842.45
09-08-2022,1738.24
09-08-2022,2598.53
09-08-2022,1255.85
09-08-2022,2689.79
09-08-2022,1754.93
10-08-2022,878.44
10-08-2022,1811.58
10-08-2022,1526.44
10-08-2022,1205.39
10-08-2022,2024.76
11-08-2022,1614.35
11-08-2022,2165.4
11-08-2022,1773.2
11-08-2022,2489.27
11-08-2022,1683.82
12-08-2022,1688.22
12-08-2022,1273.12
12-08-2022,1886.18
12-08-2022,1595.07
12-08-2022,2174.74
13-08-2022,1628.58
13-08-2022,2157.05
13-08-2022,3200.53
13-08-2022,1466.94
13-08-2022,1522.63
14-08-2022,2461.44
14-08-2022,1799.14
14-08-2022,4599.44
14-08-2022,2416.15
14-08-2022,3553.01
15-08-2022,752.72
15-08-2022,2836.72
15-08-2022,1683.14
15-08-2022,1705.9
15-08-2022,2258.76
16-08-2022,2247.25
16-08-2022,1512.35
16-08-2022,1719.26
16-08-2022,2059.64
16-08-2022,2479.96
17-08-2022,2145.27
17-08-2022,2729.86
17-08-2022,2028.78
17-08-2022,997.29
17-08-2022,2596.29
18-08-2022,1566.12
18-08-2022,2721.53
18-08-2022,2560.02
18-08-2022,2338.64
18-08-2022,2832.74
19-08-2022,1090.58
19-08-2022,753.82
19-08-2022,1258.68
19-08-2022,2321.51
19-08-2022,2946.44
20-08-2022,4482.43
20-08-2022,3211.14
20-08-2022,4549.52
20-08-2022,1893.01
20-08-2022,2444.77
21-08-2022,3471.78
21-08-2022,4732.09
21-08-2022,1366.36
21-08-2022,1654.22
21-08-2022,2012.34
22-08-2022,2420.16
22-08-2022,2906.64
22-08-2022,2499.06
22-08-2022,1763.81
22-08-2022,2276.99
23-08-2022,2367.59
23-08-2022,1696.99
23-08-2022,1675.54
23-08-2022,629.73
23-08-2022,1382.73
24-08-2022,1622.12
24-08-2022,823.14
24-08-2022,687.73
24-08-2022,780.68
24-08-2022,729.5
25-08-2022,1255.97
25-08-2022,2440.69
25-08-2022,2572.88
25-08-2022,1320.45
25-08-2022,1299.95
26-08-2022,836.56
26-08-2022,2698.83
26-08-2022,2814.04
26-08-2022,977.24
26-08-2022,2744.76
27-08-2022,4105.86
27-08-2022,3824.48
27-08-2022,3553.54
27-08-2022,1518.22
27-08-2022,1550.1
28-08-2022,2464.39
28-08-2022,4455.58
28-08-2022,4591.68
28-08-2022,3255.46
28-08-2022,3062.54
29-08-2022,628.08
29-08-2022,2829.6
29-08-2022,2117.34
29-08-2022,2198.21
29-08-2022,2571.66
30-08-2022,553.8
30-08-2022,2596.13
30-08-2022,1223.39
30-08-2022,1797.94
30-08-2022,1545.98
31-08-2022,1914.98
31-08-2022,2539.48
31-08-2022,771.85
31-08-2022,1803.02
31-08-2022,2109.16
01-09-2022,2177.52
01-09-2022,1161.62
01-09-2022,1098.5
01-09-2022,3206.01
01-09-2022,3413.4
02-09-2022,3687.18
02-09-2022,3386.95
02-09-2022,3153.99
02-09-2022,4104.51
02-09-2022,3164.26
03-09-2022,4956.89
03-09-2022,4541.98
03-09-2022,2968.52
03-09-2022,2057.61
03-09-2022,1810.35
04-09-2022,3761.17
04-09-2022,1922.85
04-09-2022,1460.01
04-09-2022,3241.76
04-09-2022,3278.23
05-09-2022,1252.35
05-09-2022,1602.46
05-09-2022,3129.88
05-09-2022,1856.83
05-09-2022,1801.01
06-09-2022,2523.79
06-09-2022,1068.37
06-09-2022,1641.13
06-09-2022,975.88
06-09-2022,1089.12
07-09-2022,1134.27
07-09-2022,1201.07
07-09-2022,648.38
07-09-2022,1413.55
07-09-2022,1637.86
08-09-2022,1982.54
08-09-2022,2031.79
08-09-2022,2060.03
08-09-2022,1738.89
08-09-2022,2434.03
09-09-2022,2807.71
09-09-2022,1232.03
09-09-2022,2840.62
09-09-2022,936.7
09-09-2022,1129.03
10-09-2022,1367
10-09-2022,4927.82
10-09-2022,3013.99
10-09-2022,4534.19
10-09-2022,2486.22
11-09-2022,3417.24
11-09-2022,4082.96
11-09-2022,2115.41
11-09-2022,1269.71
11-09-2022,2405.48
12-09-2022,1605.61
12-09-2022,2160.07
12-09-2022,2348.71
12-09-2022,1833.56
12-09-2022,2463.02
13-09-2022,1801.05
13-09-2022,1123.54
13-09-2022,1416.15
13-09-2022,1935.96
13-09-2022,836.25
14-09-2022,2020.12
14-09-2022,1168.75
14-09-2022,1615.53
14-09-2022,1352.28
14-09-2022,2948.72
15-09-2022,1389
15-09-2022,1238.42
15-09-2022,1406.77
15-09-2022,1669.16
15-09-2022,2287.43
16-09-2022,2200.55
16-09-2022,2741.78
16-09-2022,2770.76
16-09-2022,1345.72
16-09-2022,1383.96
17-09-2022,4612.79
17-09-2022,4423.6
17-09-2022,1815.13
17-09-2022,3387.66
17-09-2022,4434.49
18-09-2022,4185.96
18-09-2022,4572.58
18-09-2022,3127.16
18-09-2022,4105.7
18-09-2022,3072.4
19-09-2022,1892.43
19-09-2022,2772.88
19-09-2022,1648.4
19-09-2022,2612.32
19-09-2022,527.9
20-09-2022,1728.58
20-09-2022,1367.61
20-09-2022,2416.54
20-09-2022,773.16
20-09-2022,2245.76
21-09-2022,554.94
21-09-2022,1417.73
21-09-2022,2691.87
21-09-2022,863.49
21-09-2022,935.28
22-09-2022,1207.08
22-09-2022,747.37
22-09-2022,2000.69
22-09-2022,2733.83
22-09-2022,2185.08
23-09-2022,958.38
23-09-2022,628.8
23-09-2022,1376.46
23-09-2022,1127
23-09-2022,2996.28
24-09-2022,3788.72
24-09-2022,1785.81
24-09-2022,4225.07
24-09-2022,1430.12
24-09-2022,1465.96
25-09-2022,1692.41
25-09-2022,3517.52
25-09-2022,1434.77
25-09-2022,1867.42
25-09-2022,3722.39
26-09-2022,2219.74
26-09-2022,2877.75
26-09-2022,1760.98
26-09-2022,1118.58
26-09-2022,988.79
27-09-2022,608.61
27-09-2022,2454.14
27-09-2022,1577.89
27-09-2022,604.79
27-09-2022,506.57
28-09-2022,2233.71
28-09-2022,1869.8
28-09-2022,677.62
28-09-2022,658.5
28-09-2022,2587.72
29-09-2022,2563.41
29-09-2022,2527.37
29-09-2022,610.55
29-09-2022,994.67
29-09-2022,2592.69
30-09-2022,857.96
30-09-2022,1028.4
30-09-2022,2895.83
30-09-2022,684.16
30-09-2022,2672.51
01-10-2022,3830.73
01-10-2022,1729.23
01-10-2022,4033.55
01-10-2022,1259.19
01-10-2022,1855.99
02-10-2022,2551.91
02-10-2022,3432.21
02-10-2022,4192.91
02-10-2022,4471.73
02-10-2022,1139.41
03-10-2022,1935.74
03-10-2022,3220.87
03-10-2022,4301.62
03-10-2022,3324.71
03-10-2022,3260.78
04-10-2022,4617.49
04-10-2022,3865.77
04-10-2022,4253.41
04-10-2022,4658.86
04-10-2022,2844.61
05-10-2022,2732.21
05-10-2022,2619.42
05-10-2022,4049.61
05-10-2022,3797.15
05-10-2022,4965.02
06-10-2022,1334.71
06-10-2022,2126.61
06-10-2022,2389.89
06-10-2022,1146.47
06-10-2022,2491.19
07-10-2022,2062.57
07-10-2022,2525.86
07-10-2022,1786.28
07-10-2022,2591.73
07-10-2022,744.14
08-10-2022,4663.47
08-10-2022,3014.95
08-10-2022,4366.25
08-10-2022,2429.47
08-10-2022,2745.76
09-10-2022,2832.11
09-10-2022,4629.97
09-10-2022,3509.28
09-10-2022,2173.99
09-10-2022,3776.03
10-10-2022,1560.86
10-10-2022,1913.64
10-10-2022,867.26
10-10-2022,2896.92
10-10-2022,1789.36
11-10-2022,1240.07
11-10-2022,2815.67
11-10-2022,656.27
11-10-2022,539.06
11-10-2022,1832.12
12-10-2022,538.4
12-10-2022,1922.72
12-10-2022,1224.67
12-10-2022,2919.35
12-10-2022,1042.29
13-10-2022,2105.06
13-10-2022,2036.5
13-10-2022,1397.38
13-10-2022,1493.18
13-10-2022,1331.68
14-10-2022,1034.15
14-10-2022,2785.42
14-10-2022,2227.04
14-10-2022,2016.38
14-10-2022,865.24
15-10-2022,1749.79
15-10-2022,1223.48
15-10-2022,2405.69
15-10-2022,1544.95
15-10-2022,2893.29
16-10-2022,4825.86
16-10-2022,4521.8
16-10-2022,4799.98
16-10-2022,1484.6
16-10-2022,1344.21
17-10-2022,1405.3
17-10-2022,2466.17
17-10-2022,578.98
17-10-2022,1072.73
17-10-2022,1358.37
18-10-2022,1585.88
18-10-2022,2048
18-10-2022,1673.4
18-10-2022,2043.55
18-10-2022,2803.16
19-10-2022,1981.07
19-10-2022,2614.66
19-10-2022,2466.78
19-10-2022,902.64
19-10-2022,2338.55
20-10-2022,2101.95
20-10-2022,1292.25
20-10-2022,786.44
20-10-2022,903.93
20-10-2022,1179.7
21-10-2022,750.9
21-10-2022,1325.86
21-10-2022,1919.62
21-10-2022,2135.04
21-10-2022,715.07
22-10-2022,2578.18
22-10-2022,1803.82
22-10-2022,3319.94
22-10-2022,4097.31
22-10-2022,4667.09
23-10-2022,3961.97
23-10-2022,3364.9
23-10-2022,3452.22
23-10-2022,1480.43
23-10-2022,3153.77
24-10-2022,638.82
24-10-2022,2386.32
24-10-2022,758.48
24-10-2022,836.21
24-10-2022,948.99
25-10-2022,2917.24
25-10-2022,1240.02
25-10-2022,2919.69
25-10-2022,1115.56
25-10-2022,530.78
26-10-2022,652.9
26-10-2022,1432.21
26-10-2022,1824.91
26-10-2022,2980.42
26-10-2022,1282.1
27-10-2022,2808.7
27-10-2022,1022.4
27-10-2022,1463.2
27-10-2022,665.82
27-10-2022,736.01
28-10-2022,2310.51
28-10-2022,924.85
28-10-2022,1144.26
28-10-2022,800.42
28-10-2022,1907.04
29-10-2022,2255.44
29-10-2022,1231.86
29-10-2022,4942.63
29-10-2022,2938.32
29-10-2022,3094.1
30-10-2022,3448.38
30-10-2022,4329.55
30-10-2022,2910
30-10-2022,2856.86
30-10-2022,3361.37
31-10-2022,1361.57
31-10-2022,584.15
31-10-2022,751.92
31-10-2022,2250.72
31-10-2022,932.14
01-11-2022,4436.57
01-11-2022,4615.9
01-11-2022,2573.91
01-11-2022,1560.64
01-11-2022,4751.77
02-11-2022,2581.43
02-11-2022,3072.49
02-11-2022,1095.93
02-11-2022,4706.74
02-11-2022,3648.06
03-11-2022,2895.78
03-11-2022,3320.54
03-11-2022,1268.19
03-11-2022,1058.38
03-11-2022,1973.34
04-11-2022,4888.47
04-11-2022,2713.86
04-11-2022,2954.89
04-11-2022,2851.89
04-11-2022,2604.38
05-11-2022,4916.61
05-11-2022,1337.67
05-11-2022,2687.51
05-11-2022,4191.6
05-11-2022,1041.67
06-11-2022,1093.04
06-11-2022,1730.1
06-11-2022,4369.27
06-11-2022,4898.72
06-11-2022,2295.42
07-11-2022,2383.35
07-11-2022,1507.85
07-11-2022,2972.18
07-11-2022,833.49
07-11-2022,2494.48
08-11-2022,1892.13
08-11-2022,1937.1
08-11-2022,650.29
08-11-2022,1234.77
08-11-2022,2012.14
09-11-2022,906.66
09-11-2022,2475.82
09-11-2022,1375.89
09-11-2022,1279.86
09-11-2022,1137.11
10-11-2022,810.44
10-11-2022,1635.28
10-11-2022,1356.37
10-11-2022,2264.05
10-11-2022,680.57
11-11-2022,1688.67
11-11-2022,1398.98
11-11-2022,652.82
11-11-2022,2290.56
11-11-2022,1786.34
12-11-2022,3680.82
12-11-2022,3783.87
12-11-2022,3179.96
12-11-2022,2492.83
12-11-2022,3455.58
13-11-2022,2007.66
13-11-2022,1747.91
13-11-2022,4723.97
13-11-2022,1727.41
13-11-2022,1894.93
14-11-2022,1531.16
14-11-2022,1199.47
14-11-2022,568.67
14-11-2022,1952.11
14-11-2022,1650.11
15-11-2022,564.84
15-11-2022,2313.5
15-11-2022,1911.29
15-11-2022,1250.15
15-11-2022,889
16-11-2022,952.26
16-11-2022,1790.6
16-11-2022,2769.01
16-11-2022,1866.71
16-11-2022,534.61
17-11-2022,2064.22
17-11-2022,2045.13
17-11-2022,2589.9
17-11-2022,2561.38
17-11-2022,2300.81
18-11-2022,2430.52
18-11-2022,2623.26
18-11-2022,2718.45
18-11-2022,1884.23
18-11-2022,588.84
19-11-2022,4051.42
19-11-2022,2194.59
19-11-2022,1606.85
19-11-2022,2738.63
19-11-2022,4632.32
20-11-2022,4095.24
20-11-2022,3502.01
20-11-2022,2020.57
20-11-2022,4903.75
20-11-2022,2006.55
21-11-2022,1247.65
21-11-2022,2102.48
21-11-2022,2808.14
21-11-2022,2034.37
21-11-2022,2435.77
22-11-2022,2793.73
22-11-2022,2766.27
22-11-2022,2672.75
22-11-2022,2018.62
22-11-2022,666.38
23-11-2022,1948.68
23-11-2022,1884.57
23-11-2022,2918.36
23-11-2022,540.37
23-11-2022,2997.29
24-11-2022,2575.25
24-11-2022,2144.4
24-11-2022,2159.39
24-11-2022,1689.57
24-11-2022,1934.45
25-11-2022,1341.91
25-11-2022,1566.34
25-11-2022,1594.41
25-11-2022,1448.8
25-11-2022,2049.69
26-11-2022,2142.86
26-11-2022,1391.26
26-11-2022,4661.47
26-11-2022,3260.7
26-11-2022,2361.3
27-11-2022,3109.63
27-11-2022,2962.65
27-11-2022,4443.37
27-11-2022,1748.21
27-11-2022,1675.07
28-11-2022,2351.52
28-11-2022,1746.61
28-11-2022,1202.71
28-11-2022,2086.61
28-11-2022,1225.64
29-11-2022,2330.36
29-11-2022,1404.76
29-11-2022,1173.35
29-11-2022,2953.72
29-11-2022,1937.39
30-11-2022,1305.87
30-11-2022,2815.21
30-11-2022,2808.22
30-11-2022,1458.37
30-11-2022,1636.09
01-12-2022,4634.73
01-12-2022,2632
01-12-2022,3700.95
01-12-2022,1053.29
01-12-2022,3924.79
02-12-2022,1573.8
02-12-2022,3826.32
02-12-2022,2579.28
02-12-2022,3241.37
02-12-2022,1961.93
03-12-2022,2699.04
03-12-2022,4376.36
03-12-2022,4561.95
03-12-2022,3903.64
03-12-2022,2126.24
04-12-2022,1920.18
04-12-2022,2821.3
04-12-2022,4712.74
04-12-2022,2965.95
04-12-2022,4522.8
05-12-2022,1731.27
05-12-2022,1554.4
05-12-2022,2060.32
05-12-2022,2307.68
05-12-2022,2943
06-12-2022,1574.77
06-12-2022,500.77
06-12-2022,1454.67
06-12-2022,2772.08
06-12-2022,2609.43
07-12-2022,762.09
07-12-2022,2972.52
07-12-2022,2071.03
07-12-2022,2364.26
07-12-2022,1900.28
08-12-2022,966.6
08-12-2022,1045.24
08-12-2022,1417.5
08-12-2022,2591.43
08-12-2022,590.37
09-12-2022,2604.7
09-12-2022,2450.88
09-12-2022,2855.66
09-12-2022,2089.04
09-12-2022,2867.23
10-12-2022,3943.9
10-12-2022,1737.96
10-12-2022,2329.39
10-12-2022,3377.94
10-12-2022,4645.39
11-12-2022,1663.73
11-12-2022,3616.77
11-12-2022,1022.7
11-12-2022,1613.86
11-12-2022,4988.08
12-12-2022,1769.06
12-12-2022,1648.88
12-12-2022,974.8
12-12-2022,1222.5
12-12-2022,1579.46
13-12-2022,660.16
13-12-2022,601.69
13-12-2022,2914.31
13-12-2022,2936.8
13-12-2022,745.83
14-12-2022,1901.51
14-12-2022,2036.34
14-12-2022,870.87
14-12-2022,788.93
14-12-2022,711.32
15-12-2022,2226
15-12-2022,1575.5
15-12-2022,1901.75
15-12-2022,2453.45
15-12-2022,1791.5
16-12-2022,2686.06
16-12-2022,1632.73
16-12-2022,1579.38
16-12-2022,2499.47
16-12-2022,2179.27
17-12-2022,4751.18
17-12-2022,4676.61
17-12-2022,3495.37
17-12-2022,3774.1
17-12-2022,2524.79
18-12-2022,4258.99
18-12-2022,2709.38
18-12-2022,1955.75
18-12-2022,3367.17
18-12-2022,2742.76
19-12-2022,2888.25
19-12-2022,2076.69
19-12-2022,2066.72
19-12-2022,1848.55
19-12-2022,623.76
20-12-2022,1963.91
20-12-2022,1536.57
20-12-2022,1621.73
20-12-2022,2415.6
20-12-2022,1434.52
21-12-2022,1561.22
21-12-2022,2710.39
21-12-2022,618.12
21-12-2022,1386.23
21-12-2022,1152.16
22-12-2022,1080.37
22-12-2022,2221.97
22-12-2022,993.62
22-12-2022,2669.22
22-12-2022,933.5
23-12-2022,2272.1
23-12-2022,1627.56
23-12-2022,2859.1
23-12-2022,2822.94
23-12-2022,2596.08
24-12-2022,3357.81
24-12-2022,4320.19
24-12-2022,1081.19
24-12-2022,4710.14
24-12-2022,1449.62
25-12-2022,1477.91
25-12-2022,4832.02
25-12-2022,4960.31
25-12-2022,4678.4
25-12-2022,1446.52
26-12-2022,2695.47
26-12-2022,2736.02
26-12-2022,1051.69
26-12-2022,1408.07
26-12-2022,1517.48
27-12-2022,943.69
27-12-2022,973.16
27-12-2022,713.98
27-12-2022,1381.3
27-12-2022,1066.66
28-12-2022,1037.9
28-12-2022,1494.63
28-12-2022,1536.82
28-12-2022,1482.34
28-12-2022,646.52
29-12-2022,2287.18
29-12-2022,1457.11
29-12-2022,1510.4
29-12-2022,1372.39
29-12-2022,2349.76
30-12-2022,2918.49
30-12-2022,2659.93
30-12-2022,2637.88
30-12-2022,1885.34
30-12-2022,1918.56
31-12-2022,2447.76
31-12-2022,4211.36
31-12-2022,3914.26
31-12-2022,1322.49
31-12-2022,2868.37
01-01-2023,2572.06
01-01-2023,4418.19
01-01-2023,3799.34
01-01-2023,3384.32
01-01-2023,3444.58
02-01-2023,4517.34
02-01-2023,4089.76
02-01-2023,1602.73
02-01-2023,1985.05
02-01-2023,1110.14
03-01-2023,4880.1
03-01-2023,4747.09
03-01-2023,3420.24
03-01-2023,2045.23
03-01-2023,3866.43
04-01-2023,4937.96
04-01-2023,2273.7
04-01-2023,2447.91
04-01-2023,2684.27
04-01-2023,1352.55
05-01-2023,1786.08
05-01-2023,3243.41
05-01-2023,3883.41
05-01-2023,3303.44
05-01-2023,4910.9
06-01-2023,1523.37
06-01-2023,738.07
06-01-2023,2077.56
06-01-2023,899.23
06-01-2023,621.45
07-01-2023,4174.7
07-01-2023,1411.82
07-01-2023,4565.86
07-01-2023,1192.37
07-01-2023,2955.88
08-01-2023,4773.55
08-01-2023,2304.33
08-01-2023,3773.17
08-01-2023,3360.8
08-01-2023,4725.8
09-01-2023,1244.5
09-01-2023,2058
09-01-2023,2062.06
09-01-2023,644.98
09-01-2023,1690.47
10-01-2023,1841.41
10-01-2023,858.9
10-01-2023,957.53
10-01-2023,2784.21
10-01-2023,1038.52
11-01-2023,2209.79
11-01-2023,1277.35
11-01-2023,1463.45
11-01-2023,1525.6
11-01-2023,2327.59
12-01-2023,1922.63
12-01-2023,2323.91
12-01-2023,2667.42
12-01-2023,1213.12
12-01-2023,2361.44
13-01-2023,1146.39
13-01-2023,1451.02
13-01-2023,2416.21
13-01-2023,1045.23
13-01-2023,1423.4
14-01-2023,3486.67
14-01-2023,1837.05
14-01-2023,2245.36
14-01-2023,2538.63
14-01-2023,1282.62
15-01-2023,4731.37
15-01-2023,1810.06
15-01-2023,3718.75
15-01-2023,2006.45
15-01-2023,3362.4
16-01-2023,2223
16-01-2023,2786.8
16-01-2023,2433.86
16-01-2023,1749.75
16-01-2023,2999.01
17-01-2023,694.94
17-01-2023,2145.13
17-01-2023,1089.74
17-01-2023,2604.85
17-01-2023,835.27
18-01-2023,2052.49
18-01-2023,1538.03
18-01-2023,2850
18-01-2023,2056.27
18-01-2023,2025.25
19-01-2023,1449.3
19-01-2023,1370.49
19-01-2023,1222.71
19-01-2023,2503.03
19-01-2023,1857.62
20-01-2023,2654.04
20-01-2023,925.9
20-01-2023,1192.86
20-01-2023,2231.7
20-01-2023,1698.91
21-01-2023,1709.56
21-01-2023,3751.59
21-01-2023,3763.87
21-01-2023,3945.48
21-01-2023,4665.94
22-01-2023,1834.81
22-01-2023,4437.67
22-01-2023,4271.06
22-01-2023,3572.71
22-01-2023,1944.92
23-01-2023,656.76
23-01-2023,2248.01
23-01-2023,711.98
23-01-2023,694.69
23-01-2023,1492.34
24-01-2023,1129.09
24-01-2023,2746.75
24-01-2023,1090.61
24-01-2023,1661.3
24-01-2023,776.25
25-01-2023,1813.61
25-01-2023,920.84
25-01-2023,1539.42
25-01-2023,2478.45
25-01-2023,2809.78
26-01-2023,534.33
26-01-2023,1296.05
26-01-2023,2098.21
26-01-2023,611.42
26-01-2023,1648.83
27-01-2023,1922.62
27-01-2023,1045.38
27-01-2023,756.26
27-01-2023,2384.09
27-01-2023,1178.96
28-01-2023,4489.13
28-01-2023,1671.2
28-01-2023,1673.7
28-01-2023,1849
28-01-2023,4355.59
29-01-2023,1000.37
29-01-2023,2263.24
29-01-2023,2812.9
29-01-2023,1352.99
29-01-2023,1803.96
30-01-2023,1052.41
30-01-2023,2461.79
30-01-2023,1095.19
30-01-2023,1297.21
30-01-2023,1050.8
31-01-2023,1403.01
31-01-2023,759.98
31-01-2023,643.17
31-01-2023,1548.64
31-01-2023,568.92
01-02-2023,2400.28
01-02-2023,1360.27
01-02-2023,3314.42
01-02-2023,4785.32
01-02-2023,1773.73
02-02-2023,1645.88
02-02-2023,2112.53
02-02-2023,4051.14
02-02-2023,4909.77
02-02-2023,1351
03-02-2023,1378.34
03-02-2023,2587.82
03-02-2023,1377.65
03-02-2023,2841.99
03-02-2023,4127.34
04-02-2023,3607.74
04-02-2023,4797.59
04-02-2023,4478.91
04-02-2023,1338.37
04-02-2023,4244
05-02-2023,4908.27
05-02-2023,4506.33
05-02-2023,4595.3
05-02-2023,2880.37
05-02-2023,1498.13
06-02-2023,1011.18
06-02-2023,1895.04
06-02-2023,1516.32
06-02-2023,1278.53
06-02-2023,2498.97
07-02-2023,1569.11
07-02-2023,1270.27
07-02-2023,2477.57
07-02-2023,2663.64
07-02-2023,2545
08-02-2023,1525.17
08-02-2023,1115.4
08-02-2023,1393.43
08-02-2023,609.8
08-02-2023,2451.29
09-02-2023,1839.67
09-02-2023,2213.33
09-02-2023,1949.96
09-02-2023,2518.52
09-02-2023,1697.16
10-02-2023,707.85
10-02-2023,2047.55
10-02-2023,2421.53
10-02-2023,2446.18
10-02-2023,2977.36
11-02-2023,1674.46
11-02-2023,1627.04
11-02-2023,1752.56
11-02-2023,3589.92
11-02-2023,4301.95
12-02-2023,2171.27
12-02-2023,1980.13
12-02-2023,1734.15
12-02-2023,3033.96
12-02-2023,4119.45
13-02-2023,973.7
13-02-2023,2938.97
13-02-2023,1291.41
13-02-2023,986.76
13-02-2023,1856.41
14-02-2023,1437.5
14-02-2023,2162.8
14-02-2023,2605.08
14-02-2023,2273.85
14-02-2023,1637.2
15-02-2023,917.12
15-02-2023,1943.28
15-02-2023,2619.53
15-02-2023,1919.89
15-02-2023,1037.91
16-02-2023,2543.38
16-02-2023,1604.75
16-02-2023,1918.89
16-02-2023,872.77
16-02-2023,1147.97
17-02-2023,2293.08
17-02-2023,1613.28
17-02-2023,2750.5
17-02-2023,1283.64
17-02-2023,2092.34
18-02-2023,2104.85
18-02-2023,4866.93
18-02-2023,3742.46
18-02-2023,3825
18-02-2023,1602.78
19-02-2023,4101.29
19-02-2023,3411.99
19-02-2023,2989.54
19-02-2023,1027.2
19-02-2023,4205.6
20-02-2023,774.98
20-02-2023,2397.72
20-02-2023,1894.03
20-02-2023,1787.68
20-02-2023,981.29
21-02-2023,604.32
21-02-2023,1176.47
21-02-2023,2414.46
21-02-2023,1010.92
21-02-2023,2076.58
22-02-2023,882.74
22-02-2023,539.58
22-02-2023,1578.76
22-02-2023,636.08
22-02-2023,1945.03
23-02-2023,1220.53
23-02-2023,1926.63
23-02-2023,2988.86
23-02-2023,2619.83
23-02-2023,2132.81
24-02-2023,781.44
24-02-2023,1279.16
24-02-2023,938.28
24-02-2023,1552.6
24-02-2023,2378.02
25-02-2023,1071.93
25-02-2023,4826.28
25-02-2023,4378.62
25-02-2023,2500.87
25-02-2023,2438.79
26-02-2023,3523.19
26-02-2023,1893.91
26-02-2023,2023.23
26-02-2023,1386.49
26-02-2023,4289.54
27-02-2023,1296.48
27-02-2023,1053.03
27-02-2023,2873.82
27-02-2023,2979.03
27-02-2023,878.36
28-02-2023,1760.39
28-02-2023,1489.22
28-02-2023,1889.45
28-02-2023,987.57
28-02-2023,2109.67
01-03-2023,3301.75
01-03-2023,1471.05
01-03-2023,1558.45
01-03-2023,1308.85
01-03-2023,1877.2
02-03-2023,2098.23
02-03-2023,4879.15
02-03-2023,3117.23
02-03-2023,1018.76
02-03-2023,1500.2
03-03-2023,1721.38
03-03-2023,1785.45
03-03-2023,3242.78
03-03-2023,2594.12
03-03-2023,3705.99
04-03-2023,3856.83
04-03-2023,3644.13
04-03-2023,2704.49
04-03-2023,4343.44
04-03-2023,3752.91
05-03-2023,2744.05
05-03-2023,1730.34
05-03-2023,2592.11
05-03-2023,1786.89
05-03-2023,1247.26
06-03-2023,1586.87
06-03-2023,2786.28
06-03-2023,961.55
06-03-2023,540.05
06-03-2023,1264.65
07-03-2023,1024.49
07-03-2023,1419.19
07-03-2023,2949.85
07-03-2023,1671.03
07-03-2023,763.47
08-03-2023,2614.68
08-03-2023,553.98
08-03-2023,1012.32
08-03-2023,2325.93
08-03-2023,2988.94
09-03-2023,1351.95
09-03-2023,1659.09
09-03-2023,2571.46
09-03-2023,1761.46
09-03-2023,1100.64
10-03-2023,1210.52
10-03-2023,579.9
10-03-2023,2090.68
10-03-2023,2693.18
10-03-2023,680.6
11-03-2023,1151.64
11-03-2023,4189.33
11-03-2023,1936.61
11-03-2023,3923.49
11-03-2023,1444.48
12-03-2023,3066.07
12-03-2023,1694.85
12-03-2023,3981.85
12-03-2023,4913.84
12-03-2023,4323.21
13-03-2023,1902.94
13-03-2023,2974.35
13-03-2023,1469.37
13-03-2023,1624.35
13-03-2023,2633.69
14-03-2023,2330.81
14-03-2023,2305.12
14-03-2023,2221.97
14-03-2023,1677.83
14-03-2023,1238.79
15-03-2023,2556.84
15-03-2023,2560.43
15-03-2023,749
15-03-2023,1921.43
15-03-2023,1954.28
16-03-2023,1012.6
16-03-2023,1368.79
16-03-2023,2485.67
16-03-2023,968.56
16-03-2023,2938.05
17-03-2023,2962.9
17-03-2023,1439.42
17-03-2023,981.1
17-03-2023,1432.44
17-03-2023,2440.29
18-03-2023,1271.72
18-03-2023,1003.76
18-03-2023,3621.07
18-03-2023,4727.25
18-03-2023,1569.47
19-03-2023,3964.31
19-03-2023,4369.37
19-03-2023,3701.89
19-03-2023,1953.75
19-03-2023,1104.65
20-03-2023,1602.82
20-03-2023,835.39
20-03-2023,1695.63
20-03-2023,1249.18
20-03-2023,2811.18
21-03-2023,2949.25
21-03-2023,1767.91
21-03-2023,1278.63
21-03-2023,1739.45
21-03-2023,1821.75
22-03-2023,895.22
22-03-2023,1802.59
22-03-2023,854.53
22-03-2023,682.27
22-03-2023,1438.59
23-03-2023,2710.41
23-03-2023,786.03
23-03-2023,2855.5
23-03-2023,2822.43
23-03-2023,2244.84
24-03-2023,2289.53
24-03-2023,2599.18
24-03-2023,637.23
24-03-2023,1820.73
24-03-2023,953.84
25-03-2023,3035.15
25-03-2023,3015.31
25-03-2023,4132.21
25-03-2023,3511
25-03-2023,1501.6
26-03-2023,2109.35
26-03-2023,3811.11
26-03-2023,4903.11
26-03-2023,1918.31
26-03-2023,2861.8
27-03-2023,508.82
27-03-2023,1394.35
27-03-2023,1069.82
27-03-2023,736.32
27-03-2023,594.7
28-03-2023,2711.8
28-03-2023,2432.34
28-03-2023,2968.91
28-03-2023,2522.82
28-03-2023,1822.98
29-03-2023,1430.71
29-03-2023,1742.41
29-03-2023,2022.83
29-03-2023,2615.25
29-03-2023,1253.28
30-03-2023,2060.45
30-03-2023,1765.53
30-03-2023,2873.59
30-03-2023,1804.85
30-03-2023,891.31
31-03-2023,1260.08
31-03-2023,2173.99
31-03-2023,2348.11
31-03-2023,911.5
31-03-2023,1743.06
01-04-2023,1401.47
01-04-2023,1895.8
01-04-2023,3352.65
01-04-2023,4501.8
01-04-2023,4332.88
02-04-2023,1923.81
02-04-2023,4722.17
02-04-2023,2912.52
02-04-2023,2263.17
02-04-2023,3002.2
03-04-2023,2108.33
03-04-2023,4229.65
03-04-2023,4507.56
03-04-2023,3306.09
03-04-2023,1936.62
04-04-2023,2789.14
04-04-2023,1744.2
04-04-2023,3937.06
04-04-2023,1611.95
04-04-2023,4595.71
05-04-2023,4847.08
05-04-2023,1769.52
05-04-2023,2252.03
05-04-2023,4984.99
05-04-2023,3148.85
06-04-2023,2082.32
06-04-2023,1376.56
06-04-2023,1040.79
06-04-2023,1469.76
06-04-2023,1384.5
07-04-2023,1514.81
07-04-2023,2436.84
07-04-2023,2845.97
07-04-2023,2583.34
07-04-2023,1391.26
08-04-2023,4260.72
08-04-2023,2227.82
08-04-2023,4787.7
08-04-2023,4527.12
08-04-2023,3341.7
09-04-2023,4141.16
09-04-2023,4057.71
09-04-2023,2582.67
09-04-2023,2783.37
09-04-2023,3619.42
10-04-2023,2390.78
10-04-2023,938.9
10-04-2023,2390.26
10-04-2023,2456.85
10-04-2023,2678.54
11-04-2023,1005.71
11-04-2023,2637.66
11-04-2023,2572.59
11-04-2023,678.13
11-04-2023,1863.97
12-04-2023,1930.99
12-04-2023,2165.98
12-04-2023,504.76
12-04-2023,645.24
12-04-2023,1723.15
13-04-2023,2367.92
13-04-2023,2069.36
13-04-2023,1294.6
13-04-2023,1622.32
13-04-2023,690.88
14-04-2023,677.09
14-04-2023,2074.65
14-04-2023,1415.39
14-04-2023,621.41
14-04-2023,2187.9
15-04-2023,4626.26
15-04-2023,4111.35
15-04-2023,1888.83
15-04-2023,4654.77
15-04-2023,2510.49
16-04-2023,2605.19
16-04-2023,4577.3
16-04-2023,3589.45
16-04-2023,1489.05
16-04-2023,3150.33
17-04-2023,2928.76
17-04-2023,1261.93
17-04-2023,899.41
17-04-2023,1471.88
17-04-2023,1521.98
18-04-2023,731.37
18-04-2023,2036.11
18-04-2023,2140.93
18-04-2023,1616.48
18-04-2023,1352.73
19-04-2023,635.56
19-04-2023,2254.71
19-04-2023,2705.03
19-04-2023,1530.99
19-04-2023,2324.06
20-04-2023,2912.23
20-04-2023,2207.46
20-04-2023,2738.91
20-04-2023,1362.06
20-04-2023,1020.43
21-04-2023,2168.01
21-04-2023,2935.25
21-04-2023,977.74
21-04-2023,1793.22
21-04-2023,1942.37
22-04-2023,4782.72
22-04-2023,4029.45
22-04-2023,3805.35
22-04-2023,1845.44
22-04-2023,1365.65
23-04-2023,1356.54
23-04-2023,4987.76
23-04-2023,4944.07
23-04-2023,2883.42
23-04-2023,2303.68
24-04-2023,1644.94
24-04-2023,1258.13
24-04-2023,2305.89
24-04-2023,2220.56
24-04-2023,528.04
25-04-2023,899.45
25-04-2023,724.21
25-04-2023,2087.25
25-04-2023,2564.98
25-04-2023,1248.33
26-04-2023,2722.34
26-04-2023,2142.78
26-04-2023,1752.52
26-04-2023,2492.29
26-04-2023,2815.79
27-04-2023,2385.8
27-04-2023,1737.07
27-04-2023,1883.58
27-04-2023,1016.69
27-04-2023,1950.61
28-04-2023,1626.73
28-04-2023,2353.56
28-04-2023,1871.93
28-04-2023,984.83
28-04-2023,687.17
29-04-2023,3600.96
29-04-2023,1078.76
29-04-2023,3081.8
29-04-2023,4243.75
29-04-2023,2744.43
30-04-2023,2542.27
30-04-2023,2195.09
30-04-2023,4633.9
30-04-2023,4353.2
30-04-2023,1220.9
01-05-2023,2849.77
01-05-2023,4293.97
01-05-2023,2827.24
01-05-2023,4857.82
01-05-2023,2480.62
02-05-2023,4704.09
02-05-2023,2158.35
02-05-2023,1535.84
02-05-2023,2392.11
02-05-2023,4859.55
03-05-2023,2350.21
03-05-2023,4786.71
03-05-2023,4358.71
03-05-2023,1051.98
03-05-2023,1585
04-05-2023,2418.08
04-05-2023,4802.6
04-05-2023,1431.18
04-05-2023,3294.02
04-05-2023,3203.42
05-05-2023,2244.59
05-05-2023,4755.73
05-05-2023,4068.36
05-05-2023,3634.23
05-05-2023,3088.27
06-05-2023,1778.16
06-05-2023,3922.13
06-05-2023,4934.92
06-05-2023,4882.95
06-05-2023,2545
07-05-2023,2647.01
07-05-2023,4150.38
07-05-2023,4746.43
07-05-2023,2970.11
07-05-2023,3235.84
08-05-2023,2228.67
08-05-2023,681.95
08-05-2023,2517.63
08-05-2023,2060.06
08-05-2023,1914.24
09-05-2023,1154.24
09-05-2023,632.27
09-05-2023,987.75
09-05-2023,1474.59
09-05-2023,1687.36
10-05-2023,732.45
10-05-2023,1192.92
10-05-2023,699.01
10-05-2023,2968.55
10-05-2023,639.72
11-05-2023,2093.16
11-05-2023,1826.47
11-05-2023,2202.73
11-05-2023,1126.38
11-05-2023,2710.91
12-05-2023,954.67
12-05-2023,641.37
12-05-2023,1570.1
12-05-2023,1744.98
12-05-2023,2586.3
13-05-2023,3415.09
13-05-2023,3857.37
13-05-2023,2340.79
13-05-2023,1171.33
13-05-2023,1200.85
14-05-2023,1202.82
14-05-2023,1839.78
14-05-2023,4252.76
14-05-2023,3080.05
14-05-2023,4790.92
15-05-2023,2878.43
15-05-2023,1097.27
15-05-2023,2929.26
15-05-2023,2536.63
15-05-2023,2306.34
16-05-2023,2732
16-05-2023,2292.58
16-05-2023,1105.63
16-05-2023,1396.72
16-05-2023,1583.89
17-05-2023,926.34
17-05-2023,2952.37
17-05-2023,1188.18
17-05-2023,1301.37
17-05-2023,1533.7
18-05-2023,1323.46
18-05-2023,2480.52
18-05-2023,1330.33
18-05-2023,1394.69
18-05-2023,907.53
19-05-2023,2493.52
19-05-2023,2072.06
19-05-2023,1903.31
19-05-2023,1682.79
19-05-2023,971.81
20-05-2023,3701.96
20-05-2023,3754.1
20-05-2023,1071.78
20-05-2023,3785.39
20-05-2023,1032.67
21-05-2023,1852.54
21-05-2023,2293.6
21-05-2023,4589.78
21-05-2023,3546.56
21-05-2023,4209.85
22-05-2023,2856.87
22-05-2023,2857.5
22-05-2023,971.01
22-05-2023,1776.71
22-05-2023,2626
23-05-2023,1271.08
23-05-2023,2155.28
23-05-2023,2181.57
23-05-2023,1796.1
23-05-2023,2274.91
24-05-2023,2508.24
24-05-2023,1821.72
24-05-2023,2934.21
24-05-2023,800.33
24-05-2023,1451.67
25-05-2023,1527.63
25-05-2023,1931.46
25-05-2023,1752.69
25-05-2023,2848.28
25-05-2023,1161.38
26-05-2023,1869.5
26-05-2023,1621.22
26-05-2023,2848.38
26-05-2023,2238.29
26-05-2023,853.98
27-05-2023,1430.4
27-05-2023,3793.89
27-05-2023,4790.79
27-05-2023,4650.28
27-05-2023,2101.93
28-05-2023,3041.61
28-05-2023,2798.09
28-05-2023,3615.62
28-05-2023,4110.87
28-05-2023,2031.28
29-05-2023,1767.94
29-05-2023,1879.55
29-05-2023,849.14
29-05-2023,1430.39
29-05-2023,2876.35
30-05-2023,1376.18
30-05-2023,1884.03
30-05-2023,2939.03
30-05-2023,2185.72
30-05-2023,564.6
31-05-2023,535.9
31-05-2023,1763.47
31-05-2023,2740.43
31-05-2023,1758.3
31-05-2023,2808.05
01-06-2023,4360.57
01-06-2023,4432.99
01-06-2023,4348.39
01-06-2023,3508.87
01-06-2023,1009.93
02-06-2023,2587.36
02-06-2023,4387.86
02-06-2023,2703.3
02-06-2023,1108.82
02-06-2023,3490.79
03-06-2023,1074.3
03-06-2023,2842.99
03-06-2023,4444.62
03-06-2023,1595.56
03-06-2023,2741.63
04-06-2023,3238.57
04-06-2023,1984.54
04-06-2023,2040.34
04-06-2023,1446.49
04-06-2023,1720.55
05-06-2023,1238.68
05-06-2023,3225.17
05-06-2023,3048.63
05-06-2023,3737.99
05-06-2023,2361.89
06-06-2023,2401.13
06-06-2023,522.36
06-06-2023,2761
06-06-2023,2769.82
06-06-2023,1482.82
07-06-2023,2870.57
07-06-2023,2676.76
07-06-2023,2144.66
07-06-2023,2531.42
07-06-2023,1667.59
08-06-2023,1980.43
08-06-2023,2627.72
08-06-2023,773.72
08-06-2023,2202.33
08-06-2023,2707.63
09-06-2023,1609.7
09-06-2023,1380.67
09-06-2023,1809.57
09-06-2023,2839.66
09-06-2023,2130.84
10-06-2023,2123.83
10-06-2023,2030.11
10-06-2023,1997
10-06-2023,1719.63
10-06-2023,3208.2
11-06-2023,2822.49
11-06-2023,2629.76
11-06-2023,3486.37
11-06-2023,2960.92
11-06-2023,3862.67
12-06-2023,1056.09
12-06-2023,1394.66
12-06-2023,2191.76
12-06-2023,568.53
12-06-2023,1573.16
13-06-2023,1540.87
13-06-2023,539.34
13-06-2023,2817.33
13-06-2023,1823.73
13-06-2023,1841.03
14-06-2023,2137.08
14-06-2023,1339.72
14-06-2023,2227.62
14-06-2023,2699.88
14-06-2023,1831.5
15-06-2023,2975.82
15-06-2023,2374.02
15-06-2023,966.42
15-06-2023,611.96
15-06-2023,2642.27
16-06-2023,1851.48
16-06-2023,1780.84
16-06-2023,795.63
16-06-2023,1884.4
16-06-2023,1129.42
17-06-2023,2406.85
17-06-2023,4844.36
17-06-2023,4556.8
17-06-2023,2167.1
17-06-2023,2819.2
18-06-2023,3420.66
18-06-2023,1977.59
18-06-2023,3412.8
18-06-2023,3619.83
18-06-2023,4457.55
19-06-2023,1064.06
19-06-2023,567.42
19-06-2023,2387.47
19-06-2023,1550.63
19-06-2023,2002.22
20-06-2023,1886.7
20-06-2023,1326.94
20-06-2023,2303.28
20-06-2023,1877.05
20-06-2023,2697
21-06-2023,1219.55
21-06-2023,1675.69
21-06-2023,1644.74
21-06-2023,2646.42
21-06-2023,1666.13
22-06-2023,2582.42
22-06-2023,1953.05
22-06-2023,2874.04
22-06-2023,2531.31
22-06-2023,1812.93
23-06-2023,1616.88
23-06-2023,1944.53
23-06-2023,2859.8
23-06-2023,1783.94
23-06-2023,1283.34
24-06-2023,3234.39
24-06-2023,2066.88
24-06-2023,3004.85
24-06-2023,4183.99
24-06-2023,4309.12
25-06-2023,3601.31
25-06-2023,2243.13
25-06-2023,4612.51
25-06-2023,1273.24
25-06-2023,3499.49
26-06-2023,1520.38
26-06-2023,748.14
26-06-2023,768.29
26-06-2023,2461.75
26-06-2023,1640.66
27-06-2023,663.4
27-06-2023,1922.24
27-06-2023,506.31
27-06-2023,703.32
27-06-2023,695.33
28-06-2023,1605.78
28-06-2023,1465.64
28-06-2023,794.3
28-06-2023,2810.9
28-06-2023,586.39
29-06-2023,2977.7
29-06-2023,1315.98
29-06-2023,976.12
29-06-2023,1504.52
29-06-2023,2543.99
30-06-2023,1641.76
30-06-2023,2748
30-06-2023,551.81
30-06-2023,2847.41
30-06-2023,1640.74
01-07-2023,4239.91
01-07-2023,1636.34
01-07-2023,2678.68
01-07-2023,2606.18
01-07-2023,2647.9
02-07-2023,4700.13
02-07-2023,3735.29
02-07-2023,1233.72
02-07-2023,3383.19
02-07-2023,1215.65
03-07-2023,3250.46
03-07-2023,4631.47
03-07-2023,2026.19
03-07-2023,4939.81
03-07-2023,1467.8
04-07-2023,3589.38
04-07-2023,2067.43
04-07-2023,1530.12
04-07-2023,3002.5
04-07-2023,4090.16
05-07-2023,2409.88
05-07-2023,3284.81
05-07-2023,4950.77
05-07-2023,2074.07
05-07-2023,3388.51
06-07-2023,1144.43
06-07-2023,2876.77
06-07-2023,636.36
06-07-2023,1445.61
06-07-2023,581.25
07-07-2023,1030.34
07-07-2023,1886.58
07-07-2023,969.64
07-07-2023,543
07-07-2023,598.95
08-07-2023,1623.88
08-07-2023,3306.2
08-07-2023,2774.92
08-07-2023,1971.97
08-07-2023,4623.76
09-07-2023,3929.17
09-07-2023,3792.02
09-07-2023,1615.87
09-07-2023,1489.69
09-07-2023,1745.29
10-07-2023,2375.54
10-07-2023,2892.64
10-07-2023,721.33
10-07-2023,1704.21
10-07-2023,2696.68
11-07-2023,1270.43
11-07-2023,935.31
11-07-2023,2756.12
11-07-2023,2177.97
11-07-2023,1046.16
12-07-2023,1525.2
12-07-2023,2297.61
12-07-2023,553.55
12-07-2023,904.14
12-07-2023,2978.92
13-07-2023,1605.31
13-07-2023,2853.32
13-07-2023,1312.83
13-07-2023,2707.01
13-07-2023,2872.37
14-07-2023,2015.53
14-07-2023,2308.57
14-07-2023,1084.51
14-07-2023,2106.91
14-07-2023,1024.25
15-07-2023,4925.8
15-07-2023,3198.78
15-07-2023,3382.27
15-07-2023,4245.43
15-07-2023,1023.4
16-07-2023,1111.53
16-07-2023,3670.6
16-07-2023,1934.32
16-07-2023,3589.06
16-07-2023,4163.02
17-07-2023,785.63
17-07-2023,1837.96
17-07-2023,1512.83
17-07-2023,780.71
17-07-2023,2899.33
18-07-2023,794.64
18-07-2023,2438.25
18-07-2023,1094.22
18-07-2023,1291.39
18-07-2023,1382.08
19-07-2023,1156.67
19-07-2023,1258.1
19-07-2023,1458.64
19-07-2023,1529.85
19-07-2023,501.32
20-07-2023,2874.04
20-07-2023,1207.59
20-07-2023,1023.46
20-07-2023,2853.38
20-07-2023,2179.76
21-07-2023,1812.21
21-07-2023,2525.53
21-07-2023,1530.46
21-07-2023,1374.28
21-07-2023,2385.1
22-07-2023,2247.56
22-07-2023,1269.43
22-07-2023,3668.9
22-07-2023,3702.77
22-07-2023,4171.31
23-07-2023,3965.27
23-07-2023,3264.58
23-07-2023,4529.54
23-07-2023,1968.09
23-07-2023,3891.07
24-07-2023,2179.17
24-07-2023,1845.37
24-07-2023,1604.89
24-07-2023,2902.5
24-07-2023,525.53
25-07-2023,618.53
25-07-2023,1535.19
25-07-2023,1974.5
25-07-2023,1097.17
25-07-2023,2977
26-07-2023,593.72
26-07-2023,2840.19
26-07-2023,1804.38
26-07-2023,2982.43
26-07-2023,1557.49
27-07-2023,2328.35
27-07-2023,1294.36
27-07-2023,1517.34
27-07-2023,2286.44
27-07-2023,2313.72
28-07-2023,1850.02
28-07-2023,2600.93
28-07-2023,1553.68
28-07-2023,2067.41
28-07-2023,2619.79
29-07-2023,2438.31
29-07-2023,1251.04
29-07-2023,4853.08
29-07-2023,4354.59
29-07-2023,3462.6
30-07-2023,4349.56
30-07-2023,1171.61
30-07-2023,2323.67
30-07-2023,4758.58
30-07-2023,2370.5
31-07-2023,2805.16
31-07-2023,1200.8
31-07-2023,1147.82
31-07-2023,1923.77
31-07-2023,2697.74
01-08-2023,1839.51
01-08-2023,3271.23
01-08-2023,4928.6
01-08-2023,2880.71
01-08-2023,2474.13
02-08-2023,2900.5
02-08-2023,2960.67
02-08-2023,3003.96
02-08-2023,4144.46
02-08-2023,2531.36
03-08-2023,4383.36
03-08-2023,3659.51
03-08-2023,1886.52
03-08-2023,2657.29
03-08-2023,1340.83
04-08-2023,1948.83
04-08-2023,1060.04
04-08-2023,2638.49
04-08-2023,2048.81
04-08-2023,4615.71
05-08-2023,2510.64
05-08-2023,1672.37
05-08-2023,4920.39
05-08-2023,1860.57
05-08-2023,4806.46
06-08-2023,1618.09
06-08-2023,4797.17
06-08-2023,1293.37
06-08-2023,3125.37
06-08-2023,4543.61
07-08-2023,2747.05
07-08-2023,2421.5
07-08-2023,2351.51
07-08-2023,2661.15
07-08-2023,1857.93
08-08-2023,1888.34
08-08-2023,2648.08
08-08-2023,2896.01
08-08-2023,705.7
08-08-2023,1221.1
09-08-2023,2115.15
09-08-2023,1678.07
09-08-2023,515.74
09-08-2023,1409.02
09-08-2023,2389.44
10-08-2023,2730.35
10-08-2023,1889.13
10-08-2023,2273.04
10-08-2023,2042
10-08-2023,1534.87
11-08-2023,2519.8
11-08-2023,1910.86
11-08-2023,1878.64
11-08-2023,2627.3
11-08-2023,1646.77
12-08-2023,3386.17
12-08-2023,3360.72
12-08-2023,2174.83
12-08-2023,2726.06
12-08-2023,3308.6
13-08-2023,4998.84
13-08-2023,2002.56
13-08-2023,1615.28
13-08-2023,3779.15
13-08-2023,1026.21
14-08-2023,530.36
14-08-2023,2255.98
14-08-2023,2975
14-08-2023,1526
14-08-2023,791.06
15-08-2023,2855.53
15-08-2023,2688.81
15-08-2023,1938.64
15-08-2023,1094.57
15-08-2023,2995.8
16-08-2023,933.13
16-08-2023,1918.34
16-08-2023,1803.45
16-08-2023,2142.21
16-08-2023,2317.66
17-08-2023,955.64
17-08-2023,835.21
17-08-2023,618.71
17-08-2023,2058.35
17-08-2023,908.75
18-08-2023,2909.91
18-08-2023,653.91
18-08-2023,1891.08
18-08-2023,1696.13
18-08-2023,2620.76
19-08-2023,1317.96
19-08-2023,3613.68
19-08-2023,1450.77
19-08-2023,1838.73
19-08-2023,3550.84
20-08-2023,1202.91
20-08-2023,3294.87
20-08-2023,1871.98
20-08-2023,3911.31
20-08-2023,3580.69
21-08-2023,970.42
21-08-2023,1230.52
21-08-2023,709
21-08-2023,1868.2
21-08-2023,1323.03
22-08-2023,1107.21
22-08-2023,1215.95
22-08-2023,511.75
22-08-2023,693.24
22-08-2023,2313.36
23-08-2023,577.59
23-08-2023,2900.24
23-08-2023,2073.24
23-08-2023,2359.89
23-08-2023,1045.3
24-08-2023,2689.37
24-08-2023,1053.78
24-08-2023,1550.83
24-08-2023,2664.84
24-08-2023,530.87
25-08-2023,2854.91
25-08-2023,1173.03
25-08-2023,1515.64
25-08-2023,1983.52
25-08-2023,2524.53
26-08-2023,2695.95
26-08-2023,1106.74
26-08-2023,4962.3
26-08-2023,1610.41
26-08-2023,3654.63
27-08-2023,1254.2
27-08-2023,2300.42
27-08-2023,2378.32
27-08-2023,2156.19
27-08-2023,2790.8
28-08-2023,1559.35
28-08-2023,887.18
28-08-2023,1443.87
28-08-2023,2915.51
28-08-2023,2780.88
29-08-2023,507.61
29-08-2023,2965.33
29-08-2023,882.57
29-08-2023,1009.6
29-08-2023,569.11
30-08-2023,1473.29
30-08-2023,1760.15
30-08-2023,2742.45
30-08-2023,1379.88
30-08-2023,1409.1
31-08-2023,2491.06
31-08-2023,2047.29
31-08-2023,792.62
31-08-2023,1534.84
31-08-2023,991.9
01-09-2023,3612.18
01-09-2023,3469.51
01-09-2023,1821.05
01-09-2023,4429.27
01-09-2023,3892.39
02-09-2023,2465.04
02-09-2023,3553.22
02-09-2023,2922.79
02-09-2023,4909.4
02-09-2023,1731.69
03-09-2023,2844.86
03-09-2023,4808.25
03-09-2023,1403.14
03-09-2023,3185.58
03-09-2023,1874.54
04-09-2023,4635.97
04-09-2023,4782.89
04-09-2023,4593.8
04-09-2023,3713.71
04-09-2023,3123.05
05-09-2023,1042.3
05-09-2023,3913.13
05-09-2023,4116.99
05-09-2023,3653.26
05-09-2023,1090.25
06-09-2023,863.1
06-09-2023,1769.87
06-09-2023,911.65
06-09-2023,2786.13
06-09-2023,582.08
07-09-2023,2381.62
07-09-2023,1889.07
07-09-2023,1894.02
07-09-2023,1899.81
07-09-2023,2837.78
08-09-2023,1455.53
08-09-2023,2809.33
08-09-2023,2375.28
08-09-2023,626.46
08-09-2023,1017.37
09-09-2023,1749.36
09-09-2023,2190.6
09-09-2023,4070.94
09-09-2023,2099.82
09-09-2023,4219.27
10-09-2023,2832.2
10-09-2023,2542.51
10-09-2023,4522.26
10-09-2023,4725.5
10-09-2023,2786.67
11-09-2023,1647.08
11-09-2023,1731.76
11-09-2023,2035.67
11-09-2023,1100.1
11-09-2023,2083.93
12-09-2023,1741.36
12-09-2023,526.6
12-09-2023,1368.4
12-09-2023,2499.5
12-09-2023,2916.65
13-09-2023,2709.87
13-09-2023,1692.21
13-09-2023,1229.82
13-09-2023,1668.93
13-09-2023,2146.87
14-09-2023,2553.21
14-09-2023,2839.7
14-09-2023,879.14
14-09-2023,2450.92
14-09-2023,2279.14
15-09-2023,1217.5
15-09-2023,643.66
15-09-2023,1185.75
15-09-2023,2129.34
15-09-2023,574.72
16-09-2023,2378.86
16-09-2023,1320.33
16-09-2023,4993.62
16-09-2023,2284.31
16-09-2023,4943.53
17-09-2023,1875.57
17-09-2023,4150.1
17-09-2023,4216.71
17-09-2023,1812.29
17-09-2023,3447.71
18-09-2023,1782.94
18-09-2023,2472.91
18-09-2023,1484.54
18-09-2023,1417.87
18-09-2023,633.3
19-09-2023,2337.49
19-09-2023,1184.03
19-09-2023,876.75
19-09-2023,2322.54
19-09-2023,1363.29
20-09-2023,2367.83
20-09-2023,1167.17
20-09-2023,2195.69
20-09-2023,1344.78
20-09-2023,2499.54
21-09-2023,2737.38
21-09-2023,1971.77
21-09-2023,1812.55
21-09-2023,1890.64
21-09-2023,2564.84
22-09-2023,1328.43
22-09-2023,1262.57
22-09-2023,2225.82
22-09-2023,1358.01
22-09-2023,796.01
23-09-2023,3386.43
23-09-2023,4883.44
23-09-2023,3936.64
23-09-2023,2360.16
23-09-2023,2778.17
24-09-2023,2843.33
24-09-2023,4627.11
24-09-2023,2596.17
24-09-2023,2033.95
24-09-2023,2719.52
25-09-2023,1390.69
25-09-2023,660
25-09-2023,2170.48
25-09-2023,1006.5
25-09-2023,1682.95
26-09-2023,2734.67
26-09-2023,2038.77
26-09-2023,1809.37
26-09-2023,1164.32
26-09-2023,1303.43
27-09-2023,2746.63
27-09-2023,1644.85
27-09-2023,2240.34
27-09-2023,2336.92
27-09-2023,2881.02
28-09-2023,2990.04
28-09-2023,2678.08
28-09-2023,2965.37
28-09-2023,2887.83
28-09-2023,1820.76
29-09-2023,2268.15
29-09-2023,1739.82
29-09-2023,1820.42
29-09-2023,2218.75
29-09-2023,1044.5
30-09-2023,2308.96
30-09-2023,1934.78
30-09-2023,3287.4
30-09-2023,2156.89
30-09-2023,3329.57
01-10-2023,4714.54
01-10-2023,4337.16
01-10-2023,2224.48
01-10-2023,4949.25
01-10-2023,1068.09
02-10-2023,2480.76
02-10-2023,3774.66
02-10-2023,3884.21
02-10-2023,1740.25
02-10-2023,3562.79
03-10-2023,1579.22
03-10-2023,2666.58
03-10-2023,1049.4
03-10-2023,2727.87
03-10-2023,3555.59
04-10-2023,4938.52
04-10-2023,3127.66
04-10-2023,4863.34
04-10-2023,1931.15
04-10-2023,4817.3
05-10-2023,1100.75
05-10-2023,2104.27
05-10-2023,3163.26
05-10-2023,1384.79
05-10-2023,3548.62
06-10-2023,1073.51
06-10-2023,763.71
06-10-2023,1047.79
06-10-2023,1422.69
06-10-2023,2947.08
07-10-2023,4768.16
07-10-2023,2218.2
07-10-2023,1128.15
07-10-2023,3519.63
07-10-2023,1331.78
08-10-2023,2828.88
08-10-2023,1522.09
08-10-2023,4528.94
08-10-2023,2049.56
08-10-2023,1634.61
09-10-2023,1794.44
09-10-2023,1198.99
09-10-2023,2477.73
09-10-2023,2984.25
09-10-2023,1001.64
10-10-2023,863.62
10-10-2023,2977.34
10-10-2023,2969.35
10-10-2023,1038.23
10-10-2023,636.51
11-10-2023,1126.14
11-10-2023,840.88
11-10-2023,1562.57
11-10-2023,2146.66
11-10-2023,1413.03
12-10-2023,1065.14
12-10-2023,1292.66
12-10-2023,622.47
12-10-2023,1390.89
12-10-2023,1377.64
13-10-2023,1517.81
13-10-2023,2974.16
13-10-2023,2253.28
13-10-2023,1936.44
13-10-2023,2124.52
14-10-2023,1058.69
14-10-2023,1636.69
14-10-2023,2011.53
14-10-2023,2620.26
14-10-2023,3725.95
15-10-2023,3399.13
15-10-2023,3445.29
15-10-2023,4380.17
15-10-2023,4158.56
15-10-2023,4468.72
16-10-2023,810.34
16-10-2023,2938.14
16-10-2023,2688.95
16-10-2023,2651.67
16-10-2023,1825.81
17-10-2023,2675.49
17-10-2023,2995.38
17-10-2023,693.54
17-10-2023,2250.45
17-10-2023,807.05
18-10-2023,2524.24
18-10-2023,2787
18-10-2023,1454
18-10-2023,1469.86
18-10-2023,706.98
19-10-2023,2814.74
19-10-2023,1461.56
19-10-2023,840.89
19-10-2023,2338.73
19-10-2023,1673.63
20-10-2023,923.32
20-10-2023,2598.55
20-10-2023,2812.73
20-10-2023,977.81
20-10-2023,1823.6
21-10-2023,1425.87
21-10-2023,1034.62
21-10-2023,3342.14
21-10-2023,2633.57
21-10-2023,1926.06
22-10-2023,1417.67
22-10-2023,3250.34
22-10-2023,1869.56
22-10-2023,4674.82
22-10-2023,2820.61
23-10-2023,1334.63
23-10-2023,843.92
23-10-2023,1811.45
23-10-2023,1529.84
23-10-2023,2241.9
24-10-2023,547.33
24-10-2023,1716.38
24-10-2023,987.99
24-10-2023,553.82
24-10-2023,2942.31
25-10-2023,556.96
25-10-2023,2161.38
25-10-2023,935.47
25-10-2023,1474.45
25-10-2023,1399.31
26-10-2023,684.53
26-10-2023,821.86
26-10-2023,1359.24
26-10-2023,2345.78
26-10-2023,2433.48
27-10-2023,939
27-10-2023,1595.82
27-10-2023,1193.62
27-10-2023,2173.09
27-10-2023,2565.11
28-10-2023,1316.34
28-10-2023,4770.81
28-10-2023,3910.1
28-10-2023,2664.64
28-10-2023,3473.66
29-10-2023,3329.28
29-10-2023,1474.99
29-10-2023,1584.22
29-10-2023,3057.5
29-10-2023,4379
30-10-2023,673.67
30-10-2023,1591.29
30-10-2023,974.1
30-10-2023,2550.38
30-10-2023,2223.02
31-10-2023,2220.91
31-10-2023,2609.05
31-10-2023,1485.32
31-10-2023,2285.53
31-10-2023,1277.34
01-11-2023,4956.59
01-11-2023,3433.01
01-11-2023,4391.59
01-11-2023,3564.33
01-11-2023,4271.32
02-11-2023,1573.67
02-11-2023,4921.01
02-11-2023,1549.31
02-11-2023,3034.51
02-11-2023,1594.06
03-11-2023,1098.98
03-11-2023,1249.47
03-11-2023,4830.33
03-11-2023,2652.45
03-11-2023,2500.17
04-11-2023,1695.59
04-11-2023,2864.72
04-11-2023,4857.4
04-11-2023,3281.1
04-11-2023,3252.2
05-11-2023,2274.14
05-11-2023,1712.01
05-11-2023,1924.74
05-11-2023,4411.87
05-11-2023,1947.16
06-11-2023,2633.49
06-11-2023,1336.16
06-11-2023,2290.6
06-11-2023,2455.14
06-11-2023,2881.21
07-11-2023,1927.57
07-11-2023,2512.25
07-11-2023,827.47
07-11-2023,1858.82
07-11-2023,1449.56
08-11-2023,1922.63
08-11-2023,864.92
08-11-2023,1167.42
08-11-2023,1028.65
08-11-2023,862.62
09-11-2023,2532.37
09-11-2023,915.42
09-11-2023,2132.62
09-11-2023,1401.44
09-11-2023,1033.36
10-11-2023,749.99
10-11-2023,1731.37
10-11-2023,1189.97
10-11-2023,567.84
10-11-2023,2087.18
11-11-2023,4538.41
11-11-2023,3855.81
11-11-2023,4625.21
11-11-2023,2005.08
11-11-2023,1161.31
12-11-2023,1663.3
12-11-2023,4667.78
12-11-2023,1488.73
12-11-2023,4666.72
12-11-2023,2893.36
13-11-2023,1999.07
13-11-2023,2827.42
13-11-2023,1151.64
13-11-2023,2510.76
13-11-2023,576.24
14-11-2023,872.46
14-11-2023,816.93
14-11-2023,1545.04
14-11-2023,2679.16
14-11-2023,2650.12
15-11-2023,1435.62
15-11-2023,980.06
15-11-2023,1709.84
15-11-2023,1821.83
15-11-2023,1369.49
16-11-2023,2237.09
16-11-2023,1293.56
16-11-2023,2557.37
16-11-2023,506.35
16-11-2023,2923.77
17-11-2023,1162.28
17-11-2023,983.48
17-11-2023,1110.54
17-11-2023,2456.05
17-11-2023,1327.57
18-11-2023,1957.89
18-11-2023,4180.45
18-11-2023,4360.08
18-11-2023,1896.58
18-11-2023,1157.64
19-11-2023,4934.22
19-11-2023,1104.24
19-11-2023,3722.05
19-11-2023,3024.11
19-11-2023,2106.32
20-11-2023,1181.45
20-11-2023,2774.75
20-11-2023,1977.15
20-11-2023,2819.65
20-11-2023,694.5
21-11-2023,771.47
21-11-2023,1412.15
21-11-2023,2269.16
21-11-2023,984.09
21-11-2023,1293.85
22-11-2023,628.53
22-11-2023,604.4
22-11-2023,1698.77
22-11-2023,1954.06
22-11-2023,2535.75
23-11-2023,2418.83
23-11-2023,1061.1
23-11-2023,1050.26
23-11-2023,2092.49
23-11-2023,1168.75
24-11-2023,2837.44
24-11-2023,1778.24
24-11-2023,2232.17
24-11-2023,1521.48
24-11-2023,1483.92
25-11-2023,2776.25
25-11-2023,1418.26
25-11-2023,1716.39
25-11-2023,4296.2
25-11-2023,2977.17
26-11-2023,4546.13
26-11-2023,4550.68
26-11-2023,4999.12
26-11-2023,3440.73
26-11-2023,1030.09
27-11-2023,510.2
27-11-2023,1665.71
27-11-2023,2719.23
27-11-2023,1642.91
27-11-2023,1411.19
28-11-2023,1221.98
28-11-2023,1118.43
28-11-2023,2331.12
28-11-2023,987.93
28-11-2023,2722.37
29-11-2023,2164.44
29-11-2023,874.47
29-11-2023,1301.16
29-11-2023,2920.7
29-11-2023,1701.98
30-11-2023,2909.86
30-11-2023,1929.35
30-11-2023,2418.73
30-11-2023,1351.94
30-11-2023,580.06
01-12-2023,4544.28
01-12-2023,4887.9
01-12-2023,1825.77
01-12-2023,2890.87
01-12-2023,2243.04
02-12-2023,2044.7
02-12-2023,3458.01
02-12-2023,4279.04
02-12-2023,3733.12
02-12-2023,3133.23
03-12-2023,1955.37
03-12-2023,4319.86
03-12-2023,4237.74
03-12-2023,2680.99
03-12-2023,4270.24
04-12-2023,3063.21
04-12-2023,3483.84
04-12-2023,1821.1
04-12-2023,3490.44
04-12-2023,3449.91
05-12-2023,2493.21
05-12-2023,4358.23
05-12-2023,4932.8
05-12-2023,1199.81
05-12-2023,2807.97
06-12-2023,1074.66
06-12-2023,2677.49
06-12-2023,1462.12
06-12-2023,1755.95
06-12-2023,2815.18
07-12-2023,899.55
07-12-2023,1750.45
07-12-2023,1880.34
07-12-2023,2436.39
07-12-2023,1220.6
08-12-2023,1188.46
08-12-2023,1027.4
08-12-2023,678.46
08-12-2023,1132.77
08-12-2023,2615.07
09-12-2023,2505.99
09-12-2023,1161.66
09-12-2023,3851.89
09-12-2023,4447.03
09-12-2023,1938.84
10-12-2023,2015.23
10-12-2023,1830.6
10-12-2023,3235.89
10-12-2023,2377.38
10-12-2023,4370.35
11-12-2023,874.88
11-12-2023,2526.7
11-12-2023,2356.57
11-12-2023,1744.73
11-12-2023,2981.73
12-12-2023,1785.89
12-12-2023,1667.64
12-12-2023,1354.24
12-12-2023,1950.7
12-12-2023,2338.25
13-12-2023,1864.69
13-12-2023,1580.08
13-12-2023,1198.27
13-12-2023,2873.84
13-12-2023,2043.67
14-12-2023,2559.39
14-12-2023,1489.95
14-12-2023,2665.54
14-12-2023,2205.2
14-12-2023,2585.09
15-12-2023,1645.91
15-12-2023,684.18
15-12-2023,1923.01
15-12-2023,670.97
15-12-2023,1298.78
16-12-2023,4169.7
16-12-2023,4200.1
16-12-2023,2673.26
16-12-2023,2460.52
16-12-2023,4039.67
17-12-2023,4871.21
17-12-2023,4602.43
17-12-2023,2327.55
17-12-2023,4833.15
17-12-2023,1091.73
18-12-2023,2540.87
18-12-2023,818.43
18-12-2023,1324.31
18-12-2023,2373.82
18-12-2023,2306.56
19-12-2023,1419.68
19-12-2023,2191.96
19-12-2023,1114.76
19-12-2023,1407.93
19-12-2023,732.33
20-12-2023,2104.97
20-12-2023,1321.76
20-12-2023,990.12
20-12-2023,1471.4
20-12-2023,2663.43
21-12-2023,2045.05
21-12-2023,799.47
21-12-2023,1389.7
21-12-2023,566.9
21-12-2023,2323.72
22-12-2023,2163.62
22-12-2023,2380
22-12-2023,2240.13
22-12-2023,1340.48
22-12-2023,2981.2
23-12-2023,3512.65
23-12-2023,3523.88
23-12-2023,3825.6
23-12-2023,4314.63
23-12-2023,2445.82
24-12-2023,2173.8
24-12-2023,3165.85
24-12-2023,1817.91
24-12-2023,4521.62
24-12-2023,4347.9
25-12-2023,2945.65
25-12-2023,2612.17
25-12-2023,2172.78
25-12-2023,1285.29
25-12-2023,2041.82
26-12-2023,1493.67
26-12-2023,933.83
26-12-2023,680.76
26-12-2023,2850.97
26-12-2023,704.38
27-12-2023,2218.5
27-12-2023,2430.08
27-12-2023,1427.52
27-12-2023,1920.34
27-12-2023,1565.68
28-12-2023,752.64
28-12-2023,1580.35
28-12-2023,2123.25
28-12-2023,1861.32
28-12-2023,1978.96
29-12-2023,2580.34
29-12-2023,1616.43
29-12-2023,2464.47
29-12-2023,860.73
29-12-2023,1670.27
30-12-2023,1922.14
30-12-2023,2707.43
30-12-2023,4643.95
30-12-2023,4931.84
30-12-2023,1258.52
31-12-2023,1322.57
31-12-2023,3262.36
31-12-2023,3225.31
31-12-2023,2521.83
31-12-2023,4843.05
